39.582,0,10,76,20,0,14,25,5
39.592,0,10,80,20,0,14,25,5
39.602,0,10,76,20,0,14,25,5
39.612,0,10,76,20,0,15,25,5
39.622,0,10,80,20,0,14,25,5
39.632,0,9,80,20,0,14,25,5
39.642,0,10,76,20,0,14,25,5
39.652,0,10,76,20,0,14,25,5
39.662,0,10,76,20,0,14,25,5
39.672,0,10,76,20,0,15,25,5
39.682,0,10,76,20,0,15,25,5
39.692,0,9,76,20,0,15,25,5
39.702,0,9,76,20,0,15,25,5
39.712,0,9,76,20,0,14,25,5
39.722,0,10,76,20,0,15,25,5
39.732,0,9,76,20,0,14,25,5
39.742,0,9,76,20,0,14,25,5
39.752,0,9,76,20,0,14,25,5
39.762,0,10,76,20,0,14,25,5
39.772,0,9,76,20,0,14,25,5
39.782,0,10,76,20,0,14,24,5
39.792,0,9,76,20,0,14,25,5
39.802,0,10,76,20,0,14,25,5
39.812,0,9,76,20,0,15,25,5
39.822,0,9,76,19,0,14,25,5
39.832,0,9,76,19,0,14,25,5
39.842,0,9,76,19,0,14,25,5
39.852,0,10,76,19,0,14,24,5
39.862,0,10,76,19,0,14,25,5
39.872,0,10,76,19,0,14,25,5
39.882,0,9,76,19,0,14,25,5
39.892,0,10,76,19,0,15,25,5
39.902,0,9,76,19,0,14,25,4
39.912,0,10,76,19,0,15,24,4
39.922,0,9,76,19,0,14,25,5
39.932,0,10,76,19,0,14,25,4
39.942,0,10,76,19,0,15,25,4
39.952,0,10,80,19,0,15,25,5
39.962,0,10,76,19,0,14,26,5
39.972,0,10,76,19,0,14,25,5
39.982,0,10,76,19,0,15,25,4
39.992,0,10,80,19,0,15,25,4
39.999,0,10,76,19,0,15,25,4
39.999,0,10,76,19,0,15,26,4
39.999,0,10,76,19,0,15,26,5
40.008,0,10,76,19,0,15,25,4
40.018,0,10,76,19,0,15,25,4
40.028,0,10,76,19,0,14,26,4
40.038,0,10,76,19,0,15,26,4
40.048,0,10,76,19,0,14,26,4
40.058,0,10,76,19,0,15,26,4
40.068,0,9,76,19,0,15,26,4
40.078,0,10,76,19,0,15,26,5
40.088,0,10,76,19,0,15,26,4
40.098,0,10,76,19,0,15,26,4
40.108,0,10,76,19,0,15,26,4
40.118,0,10,76,19,0,15,26,4
40.128,0,10,76,19,0,15,26,4
40.138,0,10,76,19,0,15,26,4
40.148,0,10,76,19,0,15,26,5
40.158,0,10,76,19,0,15,26,4
40.168,0,10,76,19,0,15,26,4
40.178,0,10,76,19,0,15,26,4
40.188,0,10,76,19,0,15,26,4
40.198,0,10,76,19,0,15,26,4
40.208,0,10,76,19,0,15,26,4
40.218,0,10,76,19,0,15,26,4
40.228,0,10,76,19,0,15,26,5
40.238,0,10,76,19,0,15,26,4
40.248,0,10,76,19,0,15,25,4
40.258,0,10,76,19,0,15,26,4
40.268,0,10,76,19,0,15,26,4
40.278,0,10,76,19,0,15,26,4
40.288,0,10,76,19,0,15,26,4
40.298,0,10,76,19,0,15,25,4
40.308,0,10,76,19,0,15,26,4
40.318,0,10,76,19,0,15,27,5
40.328,0,10,80,19,0,15,26,4
40.338,0,10,80,19,0,15,26,4
40.348,0,10,76,19,0,15,26,4
40.358,0,10,80,19,0,15,26,4
40.368,0,10,76,19,0,15,26,4
40.378,0,10,80,19,0,15,26,4
40.388,0,10,80,19,0,15,26,4
40.398,0,10,80,19,0,15,26,4
40.408,0,10,76,19,0,15,26,4
40.418,0,10,80,19,0,15,26,4
40.428,0,10,76,19,0,15,26,4
40.438,0,10,76,19,0,15,26,4
40.448,0,10,80,19,0,15,26,4
40.458,0,10,76,19,0,15,26,4
40.468,0,10,80,19,0,15,26,4
40.478,0,10,76,19,0,15,26,4
40.488,0,10,80,19,0,15,26,4
40.498,0,10,76,19,0,15,26,4
40.508,0,10,76,19,0,15,26,4
40.518,0,10,80,19,0,15,26,5
40.528,0,10,80,19,0,15,26,5
40.538,0,10,76,19,0,15,25,4
40.548,0,10,80,20,0,15,26,5
40.558,0,10,80,20,0,15,26,4
40.568,0,10,84,20,0,15,26,5
40.578,0,10,84,20,0,14,25,5
40.588,0,10,84,20,0,14,25,4
40.598,0,10,84,20,0,14,25,5
40.608,0,10,92,21,0,14,25,5
40.618,0,10,92,22,0,13,24,5
40.628,0,10,92,22,0,13,24,4
40.638,0,10,96,23,0,12,24,4
40.648,0,9,100,24,0,12,24,4
40.658,0,10,100,24,0,12,24,4
40.668,0,10,100,25,0,12,23,4
40.678,0,10,100,25,0,11,23,4
40.688,0,10,104,26,0,9,21,4
40.698,0,10,100,26,0,9,21,3
40.708,0,10,100,27,0,9,19,3
40.718,0,10,100,28,0,9,19,3
40.728,0,9,104,28,0,10,19,3
40.738,0,9,104,31,0,10,18,3
40.748,0,9,100,33,0,10,18,3
40.758,0,9,104,33,0,9,17,3
40.768,0,9,104,33,0,9,18,3
40.778,0,9,104,32,0,9,18,3
40.788,0,9,104,34,0,9,17,3
40.798,0,9,104,35,0,9,17,3
40.808,0,9,104,34,0,9,17,3
40.818,0,8,104,35,0,8,15,3
40.828,0,8,104,35,0,7,15,3
40.838,0,9,108,33,0,7,15,3
40.848,0,9,108,33,0,7,15,3
40.858,0,8,108,32,0,7,15,3
40.868,0,9,108,31,0,7,15,3
40.878,0,9,108,28,0,7,15,3
40.888,0,9,108,28,0,7,16,3
40.898,0,9,108,28,0,7,15,3
40.908,0,9,108,26,0,7,15,3
40.918,0,9,108,25,0,7,16,3
40.928,0,9,108,24,0,7,15,4
40.938,0,8,108,23,0,7,15,4
40.948,0,9,112,21,0,7,15,5
40.958,0,9,112,18,0,7,16,5
40.968,0,9,116,17,0,7,16,5
40.978,0,11,116,15,0,7,15,6
40.988,0,13,116,13,0,7,17,7
40.998,0,16,116,8,0,7,17,7
40.999,0,16,116,6,0,8,18,8
40.999,0,21,116,5,0,9,19,9
41.004,0,22,112,2,0,9,19,12
41.014,1,23,108,0,0,9,21,14
41.024,3,23,96,0,0,9,23,17
41.034,4,25,88,0,0,9,26,19
41.044,5,21,72,0,0,10,26,23
41.054,5,17,40,0,0,10,28,29
41.064,7,13,28,0,0,11,30,31
41.074,7,12,28,0,0,11,31,34
41.084,7,7,28,0,0,11,34,38
41.094,5,7,28,0,0,10,34,37
41.104,5,6,24,0,0,10,35,41
41.114,3,5,24,0,0,10,36,41
41.124,4,3,24,0,0,10,38,44
41.134,3,3,24,0,0,9,36,43
41.144,0,3,24,0,0,10,36,44
41.154,0,3,28,0,0,10,39,43
41.164,0,3,28,0,0,11,40,42
41.174,0,3,28,0,0,12,41,41
41.184,0,3,28,0,0,12,40,40
41.194,0,3,28,0,0,14,41,40
41.204,0,3,24,0,0,14,41,37
41.214,0,3,28,0,0,14,41,35
41.224,0,3,24,0,0,15,41,31
41.234,0,3,24,0,0,17,41,30
41.244,0,3,24,0,0,16,40,28
41.254,0,3,20,0,0,18,41,27
41.264,0,3,20,0,0,17,42,26
41.274,0,3,16,0,0,16,43,26
41.284,0,3,12,0,0,17,44,26
41.294,0,4,12,0,0,19,45,26
41.304,0,4,8,0,0,21,46,26
41.314,0,4,8,0,0,23,47,26
41.324,0,4,12,0,0,24,48,25
41.334,0,4,12,0,0,24,49,25
41.344,0,4,12,0,0,25,47,25
41.354,0,4,12,0,0,25,48,24
41.364,0,4,12,0,0,27,49,25
41.374,0,4,8,0,0,26,50,24
41.384,0,5,12,0,0,27,51,24
41.394,0,4,12,0,0,28,53,24
41.404,0,4,12,0,0,27,56,23
41.414,0,4,12,0,0,29,57,22
41.424,0,5,12,0,0,30,58,21
41.434,0,5,12,0,0,30,61,20
41.444,0,5,12,0,0,31,63,19
41.454,0,4,12,0,0,34,67,17
41.464,0,4,12,0,0,35,71,15
41.474,0,4,12,0,0,37,74,13
41.484,0,4,8,0,0,40,78,13
41.494,0,4,12,0,0,44,79,9
41.504,0,4,8,0,0,47,86,9
41.514,0,3,8,0,0,50,88,6
41.524,0,3,8,0,0,52,90,4
41.534,0,4,8,0,0,55,94,3
41.544,0,4,8,0,0,61,96,3
41.554,0,4,8,0,0,66,103,2
41.564,0,4,8,0,0,71,108,2
41.574,0,4,8,0,0,77,115,3
41.584,0,3,8,0,0,80,117,1
41.594,0,3,8,0,0,89,121,2
41.604,0,3,8,3,1,95,123,0
41.614,0,3,8,4,2,103,127,0
41.624,0,2,8,5,3,113,132,0
41.634,0,2,8,8,4,124,135,0
41.644,0,2,8,11,6,127,127,0
41.654,0,1,12,15,9,136,117,0
41.664,0,1,8,16,15,143,116,0
41.674,0,2,12,19,16,150,84,0
41.684,0,1,12,20,21,149,66,0
41.694,0,2,12,22,28,146,49,0
41.704,0,2,12,27,31,131,34,0
41.714,0,2,12,30,31,121,15,0
41.724,0,1,16,35,31,108,15,0
41.734,0,2,20,48,39,88,18,0
41.744,0,1,24,50,44,66,8,0
41.754,0,2,28,55,49,57,11,0
41.764,0,1,40,60,55,44,9,0
41.774,0,1,52,64,62,29,9,0
41.784,0,1,60,68,51,23,6,0
41.794,0,1,72,74,46,20,4,0
41.804,0,3,72,80,30,17,3,0
41.814,0,2,76,86,21,11,3,0
41.824,0,3,72,90,11,12,1,0
41.834,0,5,84,93,0,8,0,0
41.844,0,5,92,92,0,4,0,0
41.854,0,5,92,90,0,3,1,1
41.864,0,5,96,89,0,3,1,2
41.874,0,5,100,85,0,3,0,1
41.884,0,6,108,80,0,3,0,1
41.894,0,6,108,78,0,5,0,1
41.904,0,5,108,73,0,5,0,1
41.914,0,5,112,66,0,6,0,1
41.924,0,6,108,61,0,5,0,1
41.934,0,7,108,57,0,5,0,1
41.944,0,6,108,53,0,5,0,1
41.954,0,7,112,49,0,4,1,1
41.964,0,7,112,44,0,5,1,1
41.974,0,6,116,40,0,4,0,1
41.984,0,8,124,36,0,4,0,1
41.994,0,8,124,33,0,4,0,1
41.999,0,9,136,28,0,4,0,1
41.999,0,6,144,23,0,4,0,1
42.000,0,8,152,22,0,4,0,1
42.010,0,11,152,22,0,4,0,1
42.020,0,11,152,21,0,3,0,1
42.030,0,12,156,20,0,3,0,1
42.040,0,13,160,16,0,3,0,1
42.050,0,18,168,17,0,3,0,1
42.060,0,19,172,17,0,6,0,1
42.070,0,21,176,15,0,3,0,1
42.080,2,24,180,13,0,5,0,1
42.090,5,25,184,12,0,5,0,1
42.100,5,28,184,11,0,4,0,1
42.110,6,31,180,13,0,5,0,1
42.120,6,31,180,8,0,4,0,1
42.130,7,36,180,7,0,4,0,1
42.140,9,42,176,8,0,5,0,1
42.150,12,46,184,6,0,4,0,1
42.160,15,51,188,6,0,5,0,1
42.170,19,55,180,4,0,5,0,1
42.180,23,63,184,2,0,5,0,1
42.190,28,71,192,2,0,5,0,1
42.200,35,72,196,0,0,5,0,1
42.210,43,82,200,0,0,5,0,1
42.220,53,94,192,0,0,5,0,1
42.230,60,101,200,0,0,5,0,1
42.240,67,120,184,0,0,5,0,1
42.250,77,126,176,0,0,5,0,1
42.260,80,149,164,0,0,4,0,3
42.270,82,152,144,0,0,4,0,3
42.280,86,159,140,0,0,3,0,6
42.290,92,154,100,0,0,1,0,12
42.300,97,151,68,0,0,0,1,18
42.310,90,122,76,0,0,1,1,31
42.320,85,90,60,0,0,0,1,39
42.330,72,63,52,0,0,0,2,53
42.340,63,38,48,0,0,0,5,63
42.350,52,24,40,0,0,0,6,66
42.360,49,16,40,0,0,0,16,70
42.370,58,13,36,0,0,0,21,67
42.380,63,8,28,0,0,0,27,67
42.390,52,9,16,0,0,1,31,72
42.400,39,8,12,0,0,0,36,75
42.410,19,6,12,0,0,1,38,75
42.420,3,5,12,0,0,1,39,75
42.430,0,3,12,0,0,2,43,75
42.440,0,3,8,0,0,3,40,73
42.450,0,2,8,0,0,4,39,68
42.460,0,2,12,0,0,6,38,63
42.470,0,3,12,0,0,5,36,59
42.480,0,3,12,0,0,7,34,53
42.490,0,3,12,0,0,6,31,49
42.500,1,3,12,0,0,5,27,42
42.510,1,3,12,0,0,5,28,34
42.520,1,3,12,0,0,7,26,31
42.530,0,3,8,0,0,7,25,34
42.540,0,3,12,0,0,5,27,31
42.550,0,2,12,0,0,7,28,28
42.560,0,2,12,0,0,7,29,29
42.570,0,3,12,0,0,10,27,27
42.580,0,3,12,0,0,13,25,25
42.590,0,2,8,0,0,10,27,25
42.600,0,3,8,0,0,15,28,25
42.610,0,3,8,0,0,18,28,24
42.620,0,3,8,0,0,22,29,23
42.630,0,4,4,0,0,24,31,21
42.640,0,4,4,0,0,25,31,20
42.650,0,4,4,0,0,31,35,19
42.660,0,4,4,0,0,37,31,17
42.670,2,4,8,0,0,41,34,17
42.680,3,4,8,0,0,48,35,17
42.690,3,4,4,0,0,51,37,13
42.700,3,5,4,0,0,53,37,11
42.710,3,4,4,0,0,56,41,11
42.720,3,4,4,0,0,62,43,6
42.730,3,4,4,0,0,69,41,3
42.740,3,5,4,0,1,77,42,3
42.750,3,5,4,0,1,85,44,4
42.760,3,5,4,0,1,102,43,3
42.770,3,5,4,0,5,115,48,2
42.780,3,5,4,0,6,130,42,2
42.790,3,5,4,0,9,143,57,1
42.800,3,5,4,0,13,159,58,0
42.810,3,5,0,0,21,175,57,0
42.820,3,5,4,0,26,193,55,0
42.830,3,5,4,0,37,220,54,0
42.840,3,4,4,0,49,236,47,0
42.850,3,5,4,2,56,246,46,0
42.860,3,6,4,5,66,255,39,0
42.870,0,6,8,13,83,260,29,0
42.880,0,6,8,23,104,261,19,0
42.890,0,4,8,28,114,254,13,0
42.900,1,2,8,38,121,223,3,0
42.910,1,2,8,50,131,190,3,0
42.920,2,2,8,66,127,153,1,0
42.930,2,2,8,89,121,117,1,0
42.940,2,1,8,96,104,79,1,0
42.950,2,1,8,100,109,55,3,0
42.960,2,1,16,105,91,41,3,0
42.970,2,2,24,109,67,36,4,0
42.980,1,3,40,108,60,29,3,0
42.990,0,1,64,109,42,23,3,0
42.999,0,1,76,110,30,14,2,0
42.999,0,1,96,110,13,8,0,0
42.999,0,1,112,106,1,8,0,0
43.006,0,1,116,106,0,7,1,0
43.016,0,1,124,102,1,4,0,0
43.026,0,1,136,97,1,4,0,0
43.036,0,3,144,90,0,5,0,0
43.046,0,3,144,81,0,3,0,0
43.056,0,2,148,74,0,3,0,0
43.066,0,1,152,64,0,5,0,0
43.076,0,2,152,57,0,4,0,0
43.086,0,3,152,53,0,4,0,0
43.096,0,3,152,41,0,5,0,0
43.106,0,5,152,35,0,4,0,0
43.116,0,5,156,24,0,4,0,0
43.126,0,5,164,21,0,3,0,0
43.136,0,6,160,21,0,3,0,0
43.146,0,5,172,20,0,3,0,0
43.156,0,5,180,20,0,4,0,0
43.166,0,6,188,19,0,3,0,0
43.176,0,7,196,19,0,3,0,0
43.186,0,12,200,19,0,3,0,0
43.196,0,12,204,17,0,3,0,0
43.206,0,10,212,16,0,3,0,0
43.216,0,11,216,15,0,3,0,0
43.226,0,13,216,13,0,3,0,0
43.236,0,15,220,13,0,4,0,0
43.246,0,17,224,13,0,4,0,0
43.256,0,18,224,13,0,4,0,0
43.266,0,17,228,12,0,4,0,0
43.276,0,17,236,11,0,4,0,0
43.286,0,20,240,11,0,4,0,0
43.296,0,20,240,11,0,4,0,0
43.306,0,21,244,10,0,4,1,0
43.316,0,24,244,11,0,5,1,0
43.326,0,27,244,10,0,6,1,0
43.336,0,31,244,10,0,6,0,0
43.346,1,36,252,9,0,8,0,0
43.356,3,44,248,6,0,9,0,0
43.366,6,50,248,5,0,9,0,0
43.376,9,56,252,3,0,9,0,0
43.386,15,63,264,1,0,9,0,0
43.396,22,78,268,0,0,9,0,0
43.406,27,85,280,0,0,9,0,0
43.416,39,98,276,0,0,9,0,0
43.426,51,107,264,0,0,9,0,0
43.436,61,123,264,0,0,7,0,0
43.446,70,127,232,0,0,5,0,3
43.456,83,127,200,0,0,4,0,3
43.466,88,137,176,0,0,3,0,7
43.476,86,123,124,0,0,3,0,14
43.486,88,124,124,0,0,3,0,19
43.496,81,93,96,0,0,2,1,28
43.506,73,70,96,0,0,0,3,35
43.516,62,46,96,0,0,0,3,49
43.526,51,24,72,0,0,0,3,59
43.536,51,13,76,0,0,0,5,63
43.546,62,11,68,0,0,0,10,63
43.556,68,7,60,0,0,1,15,67
43.566,63,6,28,0,0,1,21,68
43.576,50,5,24,0,0,1,30,67
43.586,23,4,20,0,0,1,35,69
43.596,4,4,20,0,0,1,35,71
43.606,0,3,20,0,0,1,38,72
43.616,0,3,8,0,0,2,39,73
43.626,0,3,4,0,0,3,39,70
43.636,0,3,4,0,0,3,39,67
43.646,0,2,12,0,0,4,39,59
43.656,0,3,12,0,0,3,38,51
43.666,0,3,12,0,0,5,37,48
43.676,0,3,12,0,0,5,40,41
43.686,0,2,12,0,0,4,39,31
43.696,0,3,16,0,0,5,38,30
43.706,0,3,12,0,0,5,39,24
43.716,0,2,12,0,0,5,36,21
43.726,0,2,12,0,0,5,36,21
43.736,0,2,12,0,0,6,35,19
43.746,0,2,12,0,0,5,38,15
43.756,0,2,8,0,0,7,37,15
43.766,0,2,8,0,0,11,40,15
43.776,0,2,4,0,0,13,38,17
43.786,0,2,4,0,0,15,38,15
43.796,0,3,4,0,0,17,38,18
43.806,0,3,4,0,0,18,45,14
43.816,0,3,4,0,0,21,51,14
43.826,0,3,4,0,0,23,51,14
43.836,0,3,8,0,0,24,54,12
43.846,0,3,8,0,0,26,55,9
43.856,0,3,8,0,0,31,59,8
43.866,1,3,8,0,0,31,59,8
43.876,2,3,8,0,0,36,63,5
43.886,1,3,4,0,0,39,69,5
43.896,2,3,4,0,0,45,68,3
43.906,2,3,4,0,0,47,71,3
43.916,3,3,4,0,0,53,75,3
43.926,3,3,4,0,0,54,74,2
43.936,3,4,4,0,0,62,73,1
43.946,3,4,8,0,0,70,69,2
43.956,3,4,4,0,1,76,89,1
43.966,2,5,8,0,3,91,87,1
43.976,3,4,8,0,4,100,97,0
43.986,3,4,8,0,7,113,103,0
43.996,3,4,8,0,9,124,97,0
43.999,3,4,8,0,14,134,101,0
43.999,3,3,8,0,21,144,98,0
44.002,3,4,8,0,30,152,85,0
44.012,3,3,8,2,45,163,83,0
44.022,2,3,4,7,52,170,63,0
44.032,1,3,8,11,67,172,49,0
44.042,0,3,4,17,83,171,42,0
44.052,0,3,4,21,87,168,31,0
44.062,1,2,8,28,102,147,23,0
44.072,2,2,8,45,115,127,8,0
44.082,2,2,8,64,120,124,6,0
44.092,2,2,8,80,123,87,4,0
44.102,4,1,12,90,117,59,7,0
44.112,4,1,12,101,115,49,11,0
44.122,3,1,24,119,111,43,10,0
44.132,3,1,20,119,93,29,7,0
44.142,2,1,28,115,83,22,6,0
44.152,1,1,52,115,67,12,5,0
44.162,0,2,68,115,39,6,3,0
44.172,0,2,84,115,17,6,1,0
44.182,0,2,92,115,7,5,1,0
44.192,0,2,104,119,3,6,2,0
44.202,0,3,112,119,3,4,1,0
44.212,0,3,108,115,1,4,0,0
44.222,0,5,108,109,0,2,1,0
44.232,0,5,108,103,0,2,1,0
44.242,0,7,112,90,0,3,1,0
44.252,0,7,112,86,0,3,1,0
44.262,0,7,108,79,0,3,1,0
44.272,0,7,104,71,0,3,2,0
44.282,0,8,100,70,0,3,2,0
44.292,0,8,92,67,0,3,2,0
44.302,0,9,88,60,0,3,1,0
44.312,0,7,92,57,0,4,1,0
44.322,0,9,88,50,0,3,1,0
44.332,0,11,92,44,0,3,1,0
44.342,0,13,84,38,0,3,1,0
44.352,0,14,96,37,0,3,1,0
44.362,0,15,104,33,0,3,1,0
44.372,0,21,104,25,0,3,1,0
44.382,0,23,116,25,0,3,1,0
44.392,0,28,116,25,0,3,1,0
44.402,0,26,120,22,0,3,1,0
44.412,3,27,124,20,0,3,1,0
44.422,4,30,124,20,0,3,0,0
44.432,7,37,140,19,0,4,0,0
44.442,6,38,148,18,0,5,0,0
44.452,6,40,156,15,0,5,0,0
44.462,9,41,160,11,0,6,0,0
44.472,11,42,164,10,0,6,0,0
44.482,12,45,172,10,0,6,0,0
44.492,13,46,176,10,0,6,0,0
44.502,15,50,180,6,0,6,0,0
44.512,18,54,176,5,0,6,0,0
44.522,22,58,180,4,0,6,0,0
44.532,25,66,188,5,0,6,0,0
44.542,28,79,192,3,0,6,0,0
44.552,41,92,204,1,0,6,0,0
44.562,47,103,220,0,1,6,0,0
44.572,58,114,224,0,1,6,0,0
44.582,75,135,220,0,1,6,0,0
44.592,89,147,200,0,1,6,0,0
44.602,103,163,180,0,1,4,0,0
44.612,115,181,156,0,1,3,0,3
44.622,127,187,132,0,1,3,0,5
44.632,138,181,100,0,1,2,0,11
44.642,139,173,88,0,0,2,0,15
44.652,136,164,76,0,0,3,0,24
44.662,127,131,60,0,0,1,1,31
44.672,112,98,60,0,0,1,1,43
44.682,96,60,60,0,0,0,1,54
44.692,75,24,52,0,0,1,3,60
44.702,68,18,40,0,0,0,7,63
44.712,87,14,36,0,0,0,15,68
44.722,83,12,32,0,0,1,23,67
44.732,73,9,12,0,0,0,31,70
44.742,47,10,12,0,0,0,42,70
44.752,21,5,8,0,0,0,42,75
44.762,4,3,8,0,0,0,46,71
44.772,0,4,4,0,0,0,44,71
44.782,0,3,4,0,0,1,51,61
44.792,1,2,4,0,0,1,54,54
44.802,0,2,4,0,0,1,55,45
44.812,0,3,4,0,0,1,56,47
44.822,1,3,4,0,0,2,56,34
44.832,1,3,4,0,0,1,58,31
44.842,2,3,4,0,0,1,60,22
44.852,1,3,8,0,0,1,63,20
44.862,1,3,4,0,0,1,63,19
44.872,1,3,4,0,0,1,63,19
44.882,1,3,4,0,0,2,63,15
44.892,1,3,4,0,0,2,63,15
44.902,0,3,4,0,0,2,66,14
44.912,1,3,4,0,0,3,70,11
44.922,1,2,4,0,0,5,71,10
44.932,1,3,4,0,0,6,74,10
44.942,2,3,4,0,0,8,77,9
44.952,2,3,4,0,0,12,81,9
44.962,3,3,4,0,0,12,82,9
44.972,3,3,0,0,0,12,87,8
44.982,2,3,0,0,0,14,85,8
44.992,2,3,4,0,0,15,86,7
44.999,3,3,4,0,0,17,84,7
44.999,3,3,4,0,0,19,86,7
44.999,2,3,4,0,0,22,86,7
45.008,2,3,4,0,0,25,83,6
45.018,2,3,4,0,0,31,86,5
45.028,2,3,4,0,0,37,88,4
45.038,2,3,4,0,0,35,86,4
45.048,2,3,4,0,0,37,88,4
45.058,2,3,4,0,0,38,91,3
45.068,2,3,4,0,0,40,92,4
45.078,3,3,4,0,0,47,103,3
45.088,3,3,4,0,0,57,113,2
45.098,3,3,4,0,1,59,117,1
45.108,3,3,4,0,1,63,122,1
45.118,2,3,4,0,4,76,131,0
45.128,2,3,4,0,7,86,130,0
45.138,3,3,8,0,9,97,138,0
45.148,2,3,4,0,10,105,137,0
45.158,3,3,4,0,16,110,126,0
45.168,3,3,4,0,25,115,114,0
45.178,4,3,4,0,31,122,101,0
45.188,4,3,4,6,37,126,96,0
45.198,3,4,4,12,50,127,77,0
45.208,0,3,0,17,63,126,48,0
45.218,0,3,4,23,79,115,36,0
45.228,0,2,4,30,93,111,34,0
45.238,1,2,8,39,108,110,13,0
45.248,1,2,8,54,113,97,11,0
45.258,3,2,8,70,113,86,7,0
45.268,3,1,8,80,112,71,8,0
45.278,3,1,12,89,107,47,10,0
45.288,3,2,20,90,103,38,15,0
45.298,3,2,28,89,107,29,9,0
45.308,2,1,48,90,74,17,7,0
45.318,1,2,60,90,75,11,6,0
45.328,1,2,88,92,51,5,6,0
45.338,0,2,104,92,35,6,3,0
45.348,0,3,108,95,11,5,3,0
45.358,0,3,100,100,4,8,1,0
45.368,0,4,104,101,3,6,1,0
45.378,0,5,112,102,1,6,2,0
45.388,0,6,112,101,1,6,1,0
45.398,0,6,104,95,0,5,1,0
45.408,0,6,100,93,0,3,1,0
45.418,0,7,100,88,0,5,1,0
45.428,0,7,96,80,0,6,1,0
45.438,0,7,96,70,0,6,1,0
45.448,1,7,100,66,0,6,1,0
45.458,1,6,88,60,2,6,1,0
45.468,2,7,96,57,1,6,1,0
45.478,2,7,92,46,0,5,1,0
45.488,3,8,104,35,0,5,1,0
45.498,4,14,104,26,0,4,1,0
45.508,5,15,100,26,0,5,1,0
45.518,4,17,100,24,0,5,1,0
45.528,5,22,104,22,1,5,1,0
45.538,5,22,108,20,1,5,1,0
45.548,6,26,108,18,1,5,1,0
45.558,6,28,108,17,1,6,1,0
45.568,6,34,112,16,1,6,1,0
45.578,7,37,116,14,1,6,1,0
45.588,7,39,120,13,1,6,0,0
45.598,9,44,124,11,0,6,0,0
45.608,10,48,124,13,0,6,0,0
45.618,12,51,140,10,0,5,0,0
45.628,12,54,124,9,0,6,0,0
45.638,13,59,132,8,0,7,0,0
45.648,15,67,140,7,0,7,0,0
45.658,15,71,148,5,0,7,0,0
45.668,17,82,156,2,0,6,0,0
45.678,19,92,152,2,0,7,0,0
45.688,21,106,156,2,0,6,0,0
45.698,28,120,156,1,0,7,0,0
45.708,36,135,156,0,0,7,0,0
45.718,49,155,156,0,0,7,0,0
45.728,63,175,168,0,1,7,0,0
45.738,79,199,172,0,0,7,0,0
45.748,94,222,144,0,0,7,0,0
45.758,108,243,140,0,0,7,0,0
45.768,123,253,124,0,1,7,0,0
45.778,133,255,112,0,1,7,0,0
45.788,136,245,92,0,1,5,0,0
45.798,146,235,72,0,0,4,0,3
45.808,155,226,60,0,1,3,0,10
45.818,155,186,52,0,0,3,0,19
45.828,147,157,48,0,0,3,0,28
45.838,130,110,40,0,0,1,0,47
45.848,110,79,40,0,0,1,1,61
45.858,106,38,32,0,0,0,3,77
45.868,106,26,36,0,0,0,6,86
45.878,113,18,28,0,0,0,9,97
45.888,103,12,24,0,0,0,13,99
45.898,74,7,12,0,0,0,22,103
45.908,45,5,8,0,0,1,29,93
45.918,17,5,8,0,0,0,31,95
45.928,5,6,4,0,0,1,35,92
45.938,2,6,4,0,0,0,40,90
45.948,3,3,4,0,0,1,38,90
45.958,1,3,4,0,0,1,42,82
45.968,1,4,4,0,0,1,41,67
45.978,2,3,4,0,0,1,42,59
45.988,2,5,4,0,0,2,40,45
45.998,2,5,8,0,0,2,40,36
45.999,2,5,8,0,0,3,43,28
45.999,2,4,12,0,0,3,41,23
46.004,2,4,12,0,0,2,39,20
46.014,2,4,12,0,1,4,43,18
46.024,3,4,8,0,0,3,49,15
46.034,2,3,8,0,0,3,53,12
46.044,2,3,8,0,0,5,55,11
46.054,2,3,8,0,0,5,55,11
46.064,3,3,8,0,0,7,53,11
46.074,3,3,8,0,0,7,62,11
46.084,3,3,8,0,0,7,62,9
46.094,3,3,8,0,0,7,63,9
46.104,4,3,8,0,0,8,70,9
46.114,5,3,4,0,0,11,73,10
46.124,3,3,4,0,0,12,73,10
46.134,3,3,4,0,0,15,72,9
46.144,5,4,4,0,0,15,74,8
46.154,5,5,4,0,0,15,72,7
46.164,4,4,4,0,0,15,72,7
46.174,3,4,4,0,0,17,81,6
46.184,3,5,4,0,0,21,82,5
46.194,3,5,4,0,0,22,82,3
46.204,4,6,4,0,0,24,91,3
46.214,4,6,4,0,0,26,102,4
46.224,3,5,4,0,0,29,110,3
46.234,5,6,4,0,0,31,118,1
46.244,5,6,0,0,0,35,123,1
46.254,5,6,4,0,0,41,135,0
46.264,5,6,0,0,0,45,145,0
46.274,5,4,0,0,0,51,153,0
46.284,5,4,0,0,1,61,159,0
46.294,6,4,0,0,3,67,159,0
46.304,6,4,0,0,7,74,159,0
46.314,6,4,0,0,12,83,159,0
46.324,6,4,0,0,17,89,153,0
46.334,5,4,0,0,22,92,133,0
46.344,6,3,0,0,31,96,120,0
46.354,6,3,4,3,41,105,103,0
46.364,3,3,4,11,50,98,75,0
46.374,1,3,4,17,62,99,53,0
46.384,2,3,4,23,74,93,37,0
46.394,2,3,8,31,84,88,38,0
46.404,3,3,4,50,90,86,17,0
46.414,2,2,8,78,92,77,14,0
46.424,3,2,8,110,95,53,11,0
46.434,3,2,12,126,83,37,9,0
46.444,3,2,16,128,74,26,10,0
46.454,3,2,20,123,77,26,10,0
46.464,2,3,32,115,53,15,9,0
46.474,0,4,60,107,54,12,6,0
46.484,1,3,84,101,39,7,3,0
46.494,0,1,96,99,22,4,3,0
46.504,1,3,96,99,4,7,2,0
46.514,1,4,116,105,0,6,2,0
46.524,0,3,120,103,1,2,4,0
46.534,0,3,116,100,1,2,4,0
46.544,0,5,120,91,1,4,4,0
46.554,0,6,120,86,0,3,3,0
46.564,0,5,120,74,0,5,3,0
46.574,0,7,120,67,0,5,3,0
46.584,0,7,120,60,0,5,2,0
46.594,0,6,120,54,0,6,2,0
46.604,0,7,124,51,0,6,2,0
46.614,0,6,132,40,0,5,3,0
46.624,0,7,136,33,0,5,2,0
46.634,0,9,140,26,0,5,2,0
46.644,0,8,140,21,0,6,1,0
46.654,1,13,148,14,0,6,1,0
46.664,0,15,148,12,0,5,1,0
46.674,0,18,152,13,0,5,1,0
46.684,1,19,148,12,0,5,1,0
46.694,3,21,156,9,0,5,1,0
46.704,3,25,156,10,0,5,1,0
46.714,5,28,164,10,1,5,1,0
46.724,5,29,164,9,0,5,1,0
46.734,5,31,172,8,1,5,1,0
46.744,6,35,172,8,1,5,1,0
46.754,7,38,176,6,1,6,1,0
46.764,8,41,180,6,1,6,1,0
46.774,9,46,184,5,1,7,1,0
46.784,11,47,176,4,1,6,1,0
46.794,13,49,184,4,1,6,1,0
46.804,14,49,188,3,1,6,1,0
46.814,17,53,192,2,1,6,0,0
46.824,23,58,196,0,1,6,1,0
46.834,24,67,196,0,1,7,1,0
46.844,27,78,200,0,1,8,0,0
46.854,31,86,204,0,1,8,0,0
46.864,34,96,204,0,1,8,0,0
46.874,42,105,212,0,1,7,0,0
46.884,46,121,208,0,1,7,0,0
46.894,62,132,208,0,1,7,0,0
46.904,74,147,208,0,1,7,0,0
46.914,91,155,192,0,1,7,0,0
46.924,103,165,184,0,0,7,0,0
46.934,115,167,176,0,0,7,0,0
46.944,124,167,140,0,1,5,2,0
46.954,131,163,120,0,0,4,0,0
46.964,139,153,116,0,0,3,1,5
46.974,142,134,108,0,0,1,0,14
46.984,137,133,88,0,0,2,0,22
46.994,127,109,76,0,0,2,0,31
46.999,116,90,76,0,0,1,1,47
46.999,106,54,68,0,0,1,3,53
47.000,99,31,68,0,0,0,5,63
47.010,121,18,48,0,0,0,8,69
47.020,133,15,56,0,0,0,7,75
47.030,130,10,32,0,0,1,12,77
47.040,99,8,28,0,0,1,19,69
47.050,67,7,8,0,0,1,27,70
47.060,42,10,12,0,0,2,35,67
47.070,15,2,8,0,0,3,29,71
47.080,6,3,4,0,0,4,31,71
47.090,4,3,0,0,0,5,37,72
47.100,2,2,4,0,0,7,37,62
47.110,3,2,4,0,0,8,35,59
47.120,3,2,4,0,1,9,35,53
47.130,2,4,8,0,0,10,36,40
47.140,3,5,8,0,0,10,30,34
47.150,2,5,8,0,0,11,30,28
47.160,2,3,4,0,0,11,25,23
47.170,2,2,4,0,0,12,30,21
47.180,2,3,8,0,0,12,25,19
47.190,2,2,8,0,0,13,25,15
47.200,2,2,8,0,0,14,22,13
47.210,1,3,8,0,0,15,26,11
47.220,2,3,8,0,0,15,30,12
47.230,1,3,8,0,0,15,31,12
47.240,1,2,8,0,0,15,30,13
47.250,2,2,8,0,0,20,35,12
47.260,2,3,8,0,0,22,35,12
47.270,2,3,8,0,0,22,35,12
47.280,2,2,8,0,0,23,36,10
47.290,2,3,8,0,0,25,36,8
47.300,1,2,4,0,0,28,39,7
47.310,3,2,4,0,0,29,40,6
47.320,4,3,4,0,0,34,39,6
47.330,5,3,4,0,0,40,38,5
47.340,4,3,4,0,0,42,45,5
47.350,4,3,4,0,0,47,49,5
47.360,4,3,4,0,0,50,51,3
47.370,5,3,4,0,0,54,51,3
47.380,5,3,4,0,0,56,53,3
47.390,4,3,4,0,0,60,59,3
47.400,4,3,4,0,1,63,57,1
47.410,5,3,4,0,2,75,62,0
47.420,5,3,4,0,2,84,63,0
47.430,5,3,4,0,5,91,63,0
47.440,5,3,4,0,9,102,74,0
47.450,5,3,4,0,15,113,73,0
47.460,5,3,4,0,18,127,70,0
47.470,5,3,4,0,25,140,75,0
47.480,5,4,4,0,37,157,83,0
47.490,4,3,4,0,46,168,79,0
47.500,5,2,0,1,53,177,57,0
47.510,6,4,0,4,67,181,47,0
47.520,3,3,0,12,78,175,36,0
47.530,1,3,4,16,93,164,26,0
47.540,1,3,4,20,108,159,14,0
47.550,3,3,4,31,118,143,10,0
47.560,3,3,8,53,127,132,6,0
47.570,2,2,8,71,132,109,5,0
47.580,3,1,8,89,120,78,5,0
47.590,3,2,8,100,107,59,4,0
47.600,4,2,12,108,112,47,7,0
47.610,3,1,20,113,108,31,9,0
47.620,3,3,28,111,78,29,8,0
47.630,2,3,40,100,75,23,4,0
47.640,3,1,88,101,51,13,3,0
47.650,2,1,84,99,34,8,1,0
47.660,4,2,92,100,13,5,2,0
47.670,4,2,112,100,5,7,2,0
47.680,2,3,116,103,3,6,2,0
47.690,1,2,124,102,3,6,2,0
47.700,1,3,124,102,3,3,2,0
47.710,1,3,124,98,1,6,2,0
47.720,1,3,120,90,1,6,2,0
47.730,1,3,116,80,1,5,2,0
47.740,2,5,112,70,1,5,2,0
47.750,2,5,112,64,1,5,2,0
47.760,1,5,112,57,0,5,2,0
47.770,2,5,112,51,1,5,2,0
47.780,2,6,120,48,1,5,2,0
47.790,2,5,124,38,2,6,2,0
47.800,1,6,124,30,2,6,2,0
47.810,1,6,136,27,0,6,2,0
47.820,1,7,140,23,1,6,2,0
47.830,0,6,148,22,1,6,2,0
47.840,0,8,148,20,0,6,2,0
47.850,0,11,156,15,0,6,2,0
47.860,1,11,156,13,1,6,2,0
47.870,0,15,156,11,1,5,2,0
47.880,1,16,156,10,1,7,2,0
47.890,3,19,164,10,0,7,1,0
47.900,3,22,172,8,0,7,1,0
47.910,3,24,172,9,0,7,1,0
47.920,4,24,184,8,1,7,0,0
47.930,5,26,188,8,1,7,0,0
47.940,6,29,188,8,1,7,0,0
47.950,6,31,192,8,1,6,0,0
47.960,10,38,196,7,1,7,0,0
47.970,11,40,196,6,1,6,0,0
47.980,15,43,196,7,1,7,0,0
47.990,19,49,208,6,1,7,0,0
47.999,22,54,208,2,1,7,0,0
47.999,27,60,208,4,1,11,0,0
47.999,29,63,220,2,1,11,0,0
48.006,35,72,224,1,0,11,1,0
48.016,42,83,224,0,0,11,0,0
48.026,56,98,224,0,0,10,0,0
48.036,70,110,224,0,0,10,0,0
48.046,84,122,220,0,1,11,0,0
48.056,99,139,196,0,1,9,0,0
48.066,120,155,176,0,1,7,0,0
48.076,134,157,156,0,1,6,0,0
48.086,147,164,116,0,0,5,0,5
48.096,155,159,112,0,1,3,0,6
48.106,164,149,96,0,1,2,0,11
48.116,163,124,92,0,0,1,0,21
48.126,150,106,84,0,0,1,0,31
48.136,130,81,56,0,0,1,1,45
48.146,109,45,60,0,0,1,1,57
48.156,95,25,60,0,0,1,3,68
48.166,106,17,52,0,0,1,5,79
48.176,103,13,48,0,0,0,6,81
48.186,111,12,48,0,0,0,17,87
48.196,81,7,16,0,0,0,22,80
48.206,60,11,12,0,0,0,31,84
48.216,29,5,8,0,0,0,31,87
48.226,9,3,8,0,0,0,35,86
48.236,4,5,0,0,0,0,35,87
48.246,2,3,0,0,0,2,34,80
48.256,1,3,4,0,0,2,35,73
48.266,1,3,4,0,0,2,38,70
48.276,2,3,4,0,0,3,40,60
48.286,3,4,8,0,0,3,41,49
48.296,3,5,8,0,0,3,41,41
48.306,3,4,8,0,0,3,39,31
48.316,2,4,8,0,0,3,40,29
48.326,2,3,8,0,0,4,39,24
48.336,3,3,8,0,0,4,40,21
48.346,2,3,8,0,0,4,38,17
48.356,2,3,8,0,0,6,39,15
48.366,2,3,8,0,0,5,41,13
48.376,2,3,4,0,0,6,39,12
48.386,1,3,4,0,0,6,42,16
48.396,2,3,4,0,0,6,42,17
48.406,3,3,8,0,0,7,43,17
48.416,3,3,8,0,0,7,43,15
48.426,3,3,4,0,0,8,48,14
48.436,3,3,8,0,0,10,49,13
48.446,3,3,4,0,0,11,49,13
48.456,4,3,4,0,0,11,54,13
48.466,5,3,4,0,0,13,58,12
48.476,4,3,4,0,0,11,62,14
48.486,4,3,8,0,0,13,63,15
48.496,4,4,8,0,0,19,58,14
48.506,4,3,4,0,0,20,62,11
48.516,3,3,4,0,0,22,69,12
48.526,3,3,4,0,0,22,69,10
48.536,3,4,4,0,0,25,72,8
48.546,3,4,4,0,0,27,73,8
48.556,4,4,4,0,0,31,74,4
48.566,4,5,4,0,0,35,75,5
48.576,4,5,4,0,0,39,74,4
48.586,5,5,4,0,0,43,81,3
48.596,4,5,4,0,0,56,90,1
48.606,4,5,4,0,1,67,94,1
48.616,4,5,4,0,3,75,100,0
48.626,4,5,4,0,5,82,100,0
48.636,5,5,4,0,9,97,103,0
48.646,5,5,0,0,17,109,106,0
48.656,5,4,0,0,26,115,99,0
48.666,4,3,0,0,28,123,90,0
48.676,5,3,0,1,43,136,76,0
48.686,4,3,0,8,51,142,67,0
48.696,1,3,0,12,62,143,49,0
48.706,2,3,4,16,75,142,31,0
48.716,3,3,8,25,92,132,28,0
48.726,1,2,4,34,102,120,14,0
48.736,1,2,4,51,110,105,7,0
48.746,1,1,4,75,112,96,7,0
48.756,1,1,4,93,109,83,4,0
48.766,3,1,4,109,99,60,3,0
48.776,3,1,8,118,97,36,6,0
48.786,3,3,12,119,93,24,9,0
48.796,2,3,32,115,74,28,6,0
48.806,1,1,44,112,68,23,6,0
48.816,0,1,76,111,47,10,3,0
48.826,1,2,92,114,31,9,3,0
48.836,1,2,92,111,14,8,1,0
48.846,1,1,92,114,5,6,1,0
48.856,1,2,96,113,3,6,2,0
48.866,0,3,112,107,2,5,2,0
48.876,0,4,116,101,1,6,2,0
48.886,0,4,120,93,2,5,2,0
48.896,0,3,124,86,1,5,2,0
48.906,0,3,124,75,2,6,2,0
48.916,0,4,132,66,1,7,2,0
48.926,0,3,132,60,1,7,2,0
48.936,0,4,140,50,1,7,2,0
48.946,0,5,144,42,1,7,3,0
48.956,1,6,140,40,1,7,3,0
48.966,1,4,144,34,0,7,3,0
48.976,0,5,148,26,1,6,3,0
48.986,0,5,148,21,0,7,3,0
48.996,0,5,156,24,0,8,3,0
48.999,0,4,160,21,1,8,3,0
48.999,0,6,156,17,1,8,3,0
49.002,0,7,164,19,1,8,3,0
49.012,0,8,160,15,1,7,3,0
49.022,0,9,168,19,0,7,3,0
49.032,1,8,172,13,1,7,3,0
49.042,0,12,176,15,1,7,3,0
49.052,0,13,176,17,1,7,3,0
49.062,0,15,180,12,1,8,3,0
49.072,0,15,176,13,1,7,2,0
49.082,0,17,176,15,1,7,2,0
49.092,0,18,184,11,1,7,1,0
49.102,0,22,184,10,1,7,2,0
49.112,0,24,188,11,1,7,2,0
49.122,0,25,184,11,1,8,1,0
49.132,5,29,188,8,1,9,1,0
49.142,8,31,200,8,1,9,0,0
49.152,7,38,208,6,1,9,0,0
49.162,9,41,216,4,1,9,0,0
49.172,18,50,220,6,1,10,0,0
49.182,18,55,232,6,1,10,0,0
49.192,21,59,236,1,1,11,0,0
49.202,34,69,244,0,1,10,0,0
49.212,43,77,244,0,1,12,0,0
49.222,49,86,240,0,0,10,0,0
49.232,63,95,244,0,0,9,0,0
49.242,75,105,232,0,0,8,0,0
49.252,89,110,212,0,1,8,1,0
49.262,97,109,188,0,0,5,0,0
49.272,106,102,160,0,0,4,1,1
49.282,105,99,148,0,0,2,0,7
49.292,105,101,136,0,0,2,0,15
49.302,104,80,108,0,0,1,1,24
49.312,86,62,112,0,0,1,1,34
49.322,82,43,84,0,0,0,1,46
49.332,80,28,68,0,0,1,2,54
49.342,79,24,56,0,0,1,4,54
49.352,73,13,48,0,0,1,11,57
49.362,89,15,48,0,0,1,14,58
49.372,78,9,40,0,0,3,23,59
49.382,66,6,32,0,0,3,27,61
49.392,46,3,28,0,0,3,29,61
49.402,26,6,16,0,0,6,29,63
49.412,7,3,20,0,0,5,31,63
49.422,2,3,4,0,0,7,29,68
49.432,1,2,4,0,0,10,24,63
49.442,1,3,4,0,0,10,25,63
49.452,1,3,4,0,1,13,25,61
49.462,2,4,8,0,0,12,26,54
49.472,2,3,12,0,0,11,26,46
49.482,2,3,12,0,0,13,22,41
49.492,2,2,12,0,0,12,26,37
49.502,2,3,12,0,0,14,17,24
49.512,2,3,12,0,0,15,21,20
49.522,2,3,12,0,0,15,23,19
49.532,1,2,0,0,0,20,25,16
49.542,1,2,8,0,0,21,17,18
49.552,1,3,12,0,0,24,20,12
49.562,2,3,8,0,0,26,22,13
49.572,2,2,8,0,0,26,21,12
49.582,2,2,8,0,0,30,23,9
49.592,3,3,4,0,0,36,21,9
49.602,4,3,4,0,0,41,26,9
49.612,5,2,4,0,0,43,22,7
49.622,5,3,4,0,0,41,23,6
49.632,5,3,4,0,0,47,31,5
49.642,5,2,4,0,1,49,35,7
49.652,6,3,4,0,0,48,31,4
49.662,5,4,8,0,1,52,35,3
49.672,4,4,8,0,1,62,39,5
49.682,4,5,8,0,2,71,38,3
49.692,4,5,8,0,2,69,38,1
49.702,4,5,8,0,3,75,38,1
49.712,5,5,8,0,9,81,40,1
49.722,5,5,4,0,13,86,39,0
49.732,4,4,4,0,10,94,37,0
49.742,4,4,4,0,14,105,43,0
49.752,5,5,4,0,29,119,41,0
49.762,5,5,4,0,27,132,41,0
49.772,4,4,4,0,28,145,35,0
49.782,5,5,4,0,40,152,37,0
49.792,5,5,4,0,48,167,39,0
49.802,5,5,4,0,63,179,36,0
49.812,4,5,4,0,83,192,31,0
49.822,4,3,4,0,91,203,27,0
49.832,5,3,4,4,107,212,19,0
49.842,4,3,0,11,117,217,10,0
49.852,3,3,4,11,127,222,6,0
49.862,3,3,4,21,139,220,3,0
49.872,3,3,8,34,142,211,5,0
49.882,2,2,8,65,149,190,3,0
49.892,0,1,8,90,149,166,3,0
49.902,2,1,12,124,138,146,3,0
49.912,2,1,12,144,120,105,2,0
49.922,1,1,12,142,107,76,1,0
49.932,2,1,24,133,108,56,3,0
49.942,3,1,36,120,103,31,5,0
49.952,1,1,76,115,85,28,5,0
49.962,0,1,84,110,63,22,2,0
49.972,0,3,92,112,46,15,2,0
49.982,0,1,124,110,27,12,1,0
49.992,1,1,140,96,5,12,1,0
49.999,0,1,144,93,5,5,1,0
49.999,0,1,164,78,3,5,2,0
49.999,1,2,168,79,2,6,2,0
50.008,0,2,184,80,2,5,1,0
50.018,0,2,188,52,3,7,2,0
50.028,0,2,204,44,1,8,1,0
50.038,0,3,212,55,1,7,2,0
50.048,0,3,216,27,1,8,2,0
50.058,0,3,220,24,1,7,2,0
50.068,0,5,216,28,1,7,2,0
50.078,0,3,220,28,1,7,2,0
50.088,0,3,220,3,1,7,2,0
50.098,0,5,232,0,1,7,2,0
50.108,0,7,240,19,1,7,2,0
50.118,0,4,248,2,1,6,2,0
50.128,0,3,252,0,1,7,2,0
50.138,0,5,268,0,0,7,2,0
50.148,0,10,280,5,0,6,2,0
50.158,0,6,284,13,0,7,2,0
50.168,0,5,284,0,0,7,2,0
50.178,0,5,300,0,0,7,2,0
50.188,0,10,308,13,0,7,2,0
50.198,0,5,308,0,0,6,2,0
50.208,0,5,308,0,0,5,2,0
50.218,0,9,316,6,0,7,2,0
50.228,0,13,320,4,0,5,0,0
50.238,0,9,316,3,0,8,0,0
50.248,0,11,316,0,0,8,0,0
50.258,1,19,324,0,0,9,0,0
50.268,0,25,328,7,0,9,0,0
50.278,3,18,328,0,0,9,0,0
50.288,2,23,340,0,0,9,0,0
50.298,7,23,356,1,0,12,0,0
50.308,17,29,360,3,0,15,0,0
50.318,5,27,364,9,0,12,0,0
50.328,6,27,364,0,0,13,0,0
50.338,7,37,372,0,0,16,0,0
50.348,31,43,372,0,0,14,0,0
50.358,14,46,368,0,0,12,0,0
50.368,23,50,364,0,0,15,0,0
50.378,37,53,368,0,0,15,0,0
50.388,55,62,364,0,0,9,0,0
50.398,51,60,360,0,0,8,0,0
50.408,56,60,312,0,0,6,0,0
50.418,67,62,296,0,0,6,1,2
50.428,71,57,280,0,1,5,2,6
50.438,71,58,264,0,0,3,0,12
50.448,60,43,228,0,0,1,1,22
50.458,56,35,188,0,0,1,3,37
50.468,58,23,152,0,0,1,3,48
50.478,49,26,124,0,0,0,3,52
50.488,38,11,112,0,0,1,3,51
50.498,42,11,76,0,0,1,20,54
50.508,50,12,68,0,0,1,31,50
50.518,53,9,68,0,0,0,26,48
50.528,60,6,60,0,0,1,41,48
50.538,49,4,32,0,0,4,41,54
50.548,39,3,28,0,0,9,45,52
50.558,24,3,28,0,0,8,44,39
50.568,4,4,28,0,0,8,49,34
50.578,3,2,24,0,0,15,52,39
50.588,0,2,20,0,0,21,58,34
50.598,1,2,16,0,0,13,50,25
50.608,1,2,20,0,0,13,47,11
50.618,0,2,24,0,0,23,59,13
50.628,0,2,24,0,0,21,59,14
50.638,1,3,20,0,0,25,51,6
50.648,1,3,20,0,0,17,50,3
50.658,1,3,20,0,0,20,51,3
50.668,1,3,20,0,0,30,62,9
50.678,1,3,20,0,0,27,60,10
50.688,1,3,20,0,0,22,51,3
50.698,1,3,16,0,0,23,58,2
50.708,1,3,12,0,0,36,66,7
50.718,1,2,8,0,0,36,63,5
50.728,1,3,8,0,0,31,67,1
50.738,2,3,8,0,0,30,58,1
50.748,2,2,8,0,0,37,63,1
50.758,2,2,8,0,0,43,72,5
50.768,3,3,8,0,0,35,63,3
50.778,3,3,8,0,0,35,63,1
50.788,3,3,8,0,0,45,73,2
50.798,2,3,8,0,1,45,74,6
50.808,3,2,8,0,0,44,78,3
50.818,3,3,8,0,0,38,75,2
50.828,3,2,8,0,0,38,76,0
50.838,2,3,8,0,2,46,87,0
50.848,2,3,8,0,1,43,90,4
50.858,3,4,8,0,1,37,82,4
50.868,3,3,8,0,0,38,85,1
50.878,1,3,8,0,1,39,96,1
50.888,1,2,8,0,1,49,99,0
50.898,0,5,8,0,0,51,99,3
50.908,0,7,8,0,0,48,92,0
50.918,1,3,8,0,0,51,94,0
50.928,0,2,8,0,2,58,103,0
50.938,0,2,4,0,21,59,102,0
50.948,0,5,8,0,0,59,96,2
50.958,0,2,12,0,0,56,99,0
50.968,0,1,12,0,0,58,99,0
50.978,0,1,8,0,21,63,108,0
50.988,1,2,12,0,7,63,108,1
50.998,0,1,20,9,1,62,99,0
50.999,0,1,24,40,1,63,96,0
50.999,0,1,12,1,3,69,98,0
51.004,0,0,16,0,23,72,99,0
51.014,0,1,16,0,15,74,83,0
51.024,0,1,32,50,2,72,67,0
51.034,0,8,32,50,10,74,57,0
51.044,0,1,56,21,41,73,55,0
51.054,0,2,48,0,21,71,53,0
51.064,0,0,60,25,22,59,24,0
51.074,2,10,68,28,3,58,19,0
51.084,0,3,84,0,23,49,19,0
51.094,0,2,76,0,40,39,11,0
51.104,0,7,96,25,12,30,11,0
51.114,0,16,116,20,2,21,6,0
51.124,0,6,112,34,23,13,5,0
51.134,0,5,112,0,28,13,3,0
51.144,0,15,124,0,18,7,2,0
51.154,0,19,152,19,14,6,1,0
51.164,31,35,160,40,3,3,1,0
51.174,7,28,184,0,2,6,2,0
51.184,0,18,168,0,0,3,2,0
51.194,0,29,180,0,0,2,1,0
51.204,31,42,188,39,0,3,2,0
51.214,34,40,208,43,0,3,2,0
51.224,0,22,184,0,0,3,3,0
51.234,0,26,176,0,0,3,3,0
51.244,3,29,196,0,0,4,2,0
51.254,43,45,192,41,0,3,2,0
51.264,31,48,204,0,0,3,2,0
51.274,1,35,192,13,0,3,3,0
51.284,1,28,180,0,0,3,3,0
51.294,45,43,188,0,0,3,3,0
51.304,52,54,204,10,0,3,2,0
51.314,61,54,196,21,0,3,3,0
51.324,17,45,204,0,0,3,3,0
51.334,1,37,192,0,0,3,3,0
51.344,18,40,204,4,0,3,3,0
51.354,68,51,204,0,0,3,3,0
51.364,47,51,212,0,0,3,3,0
51.374,3,39,200,0,0,3,3,0
51.384,8,41,188,2,0,3,4,0
51.394,5,48,204,0,0,3,3,0
51.404,53,53,216,0,0,3,2,0
51.414,81,57,220,16,0,4,3,0
51.424,43,55,200,0,0,4,3,0
51.434,9,47,204,0,0,5,2,0
51.444,37,52,204,0,0,5,1,0
51.454,78,58,216,4,0,3,1,0
51.464,60,56,220,0,0,3,1,0
51.474,69,49,208,27,0,5,7,0
51.484,25,53,204,0,0,3,4,0
51.494,11,46,204,0,0,2,9,0
51.504,47,51,212,0,0,9,1,0
51.514,69,55,208,0,0,5,1,0
51.524,29,50,204,6,0,7,1,2
51.534,2,43,188,26,0,14,22,0
51.544,15,45,192,0,0,12,12,4
51.554,56,53,196,0,0,6,3,0
51.564,47,52,196,1,0,9,3,1
51.574,46,54,184,0,0,15,13,0
51.584,3,46,184,0,0,15,20,4
51.594,1,39,172,0,0,15,8,1
51.604,17,42,176,0,0,11,15,0
51.614,46,50,188,0,0,9,4,0
51.624,15,47,184,0,0,12,7,0
51.634,31,38,172,0,0,19,26,1
51.644,1,38,168,0,0,13,24,1
51.654,1,45,176,0,0,10,7,0
51.664,18,42,172,0,0,14,5,0
51.674,40,51,176,0,0,12,19,0
51.684,6,47,180,0,0,14,13,1
51.694,0,38,168,14,0,21,29,1
51.704,4,39,168,0,0,19,23,0
51.714,1,49,176,0,0,14,8,0
51.724,23,51,184,0,0,15,9,0
51.734,35,51,176,0,0,23,26,0
51.744,3,45,164,0,0,20,31,1
51.754,0,38,164,0,0,17,23,1
51.764,3,38,164,0,0,20,28,1
51.774,30,45,168,0,0,14,12,0
51.784,22,47,168,0,0,18,14,1
51.794,1,39,160,22,0,25,31,0
51.804,3,42,148,13,0,27,34,1
51.814,0,39,156,0,0,21,23,0
51.824,3,35,152,0,0,19,11,0
51.834,7,45,148,28,0,26,21,0
51.844,14,46,160,32,0,24,37,1
51.854,3,39,156,0,0,31,34,1
51.864,14,31,144,0,0,33,39,0
51.874,2,37,148,0,0,26,30,0
51.884,0,45,156,0,0,23,18,0
51.894,14,41,148,0,0,27,23,0
51.904,19,46,160,31,0,34,37,0
51.914,3,39,140,0,0,31,31,1
51.924,0,31,148,0,0,36,22,0
51.934,1,31,140,0,0,30,29,0
51.944,19,41,156,0,0,24,18,0
51.954,10,44,164,0,0,28,23,0
51.964,31,44,156,0,0,35,39,1
51.974,2,39,164,0,0,31,39,3
51.984,0,29,148,0,0,35,25,0
51.994,2,31,160,0,0,28,29,0
51.999,24,42,156,0,0,35,37,0
51.999,24,40,160,0,0,37,26,1
52.000,3,31,152,0,0,38,31,2
52.010,5,28,140,0,0,34,35,0
52.020,3,27,152,0,0,28,23,0
52.030,4,35,160,0,0,31,29,0
52.040,31,42,160,0,0,38,43,0
52.050,0,35,140,0,0,35,39,0
52.060,0,27,140,0,0,27,27,0
52.070,1,31,140,0,0,28,31,0
52.080,27,42,156,19,0,26,42,0
52.090,1,40,160,1,0,31,36,1
52.100,3,31,152,0,0,38,48,0
52.110,0,26,140,0,0,31,41,0
52.120,0,27,144,0,0,27,30,0
52.130,15,28,144,0,0,29,30,0
52.140,7,40,152,0,0,28,30,0
52.150,29,40,156,0,0,31,48,1
52.160,0,31,152,0,0,31,40,0
52.170,0,24,140,0,0,31,45,0
52.180,0,28,140,0,0,27,31,0
52.190,0,36,152,0,0,26,29,0
52.200,0,31,160,0,0,31,39,0
52.210,0,39,156,0,0,31,40,1
52.220,1,35,156,2,0,27,28,0
52.230,0,27,148,0,0,38,31,0
52.240,2,23,140,11,0,31,37,2
52.250,0,31,148,0,0,27,27,0
52.260,1,38,156,0,0,29,30,0
52.270,27,39,156,0,0,35,41,0
52.280,44,39,156,20,0,39,44,1
52.290,29,35,144,0,0,38,38,1
52.300,0,26,144,0,0,37,29,0
52.310,0,25,144,0,0,31,27,0
52.320,0,31,148,0,0,27,25,0
52.330,0,40,160,0,0,31,31,1
52.340,0,38,160,0,0,37,41,3
52.350,42,40,148,25,0,37,43,3
52.360,12,25,140,6,0,31,35,3
52.370,0,26,148,0,0,28,27,0
52.380,0,27,156,0,0,29,29,0
52.390,11,35,152,0,0,35,39,0
52.400,47,41,156,20,0,31,33,2
52.410,0,26,148,0,0,38,44,0
52.420,0,30,152,33,0,37,43,0
52.430,0,26,144,16,0,29,26,0
52.440,2,31,148,0,0,34,26,0
52.450,0,28,160,0,0,37,45,3
52.460,8,37,160,0,0,27,42,0
52.470,0,41,160,0,0,31,49,3
52.480,0,37,164,0,0,37,41,2
52.490,0,29,152,28,0,34,46,1
52.500,0,28,148,3,0,28,36,0
52.510,0,34,152,1,0,26,31,0
52.520,0,42,160,0,0,30,36,0
52.530,28,38,164,0,0,31,45,0
52.540,0,28,148,0,0,31,49,3
52.550,14,37,156,0,0,30,31,0
52.560,0,29,152,0,0,31,30,0
52.570,0,27,148,0,0,26,34,0
52.580,0,43,164,0,0,24,30,0
52.590,0,42,164,2,0,28,37,0
52.600,0,41,168,0,0,31,45,1
52.610,53,42,156,0,0,31,47,0
52.620,0,35,156,0,0,30,31,3
52.630,0,29,156,0,0,25,35,0
52.640,8,27,148,0,0,18,27,0
52.650,0,35,156,0,0,18,23,0
52.660,0,43,164,0,0,24,31,1
52.670,25,41,168,0,0,23,37,0
52.680,2,31,156,27,0,26,42,5
52.690,14,37,148,0,0,20,31,3
52.700,0,30,156,0,0,17,24,0
52.710,0,27,152,0,0,18,31,0
52.720,0,34,172,0,0,27,41,6
52.730,45,41,164,0,0,27,44,2
52.740,0,41,168,0,0,28,43,1
52.750,3,31,160,15,0,25,42,0
52.760,0,27,152,0,0,19,29,0
52.770,0,29,148,3,0,17,23,0
52.780,0,26,148,0,0,28,44,0
52.790,0,33,152,0,0,19,42,0
52.800,31,41,164,6,0,25,35,0
52.810,0,40,168,25,0,28,34,4
52.820,0,31,160,0,0,24,40,1
52.830,13,26,152,21,0,20,27,0
52.840,0,29,152,4,0,17,24,0
52.850,0,26,156,0,0,22,30,0
52.860,14,42,168,0,0,28,41,0
52.870,43,41,164,0,0,25,43,0
52.880,0,40,172,0,0,21,31,7
52.890,0,31,164,0,0,24,38,0
52.900,0,26,156,0,0,18,26,0
52.910,0,29,156,5,0,18,22,0
52.920,0,39,168,0,0,22,30,0
52.930,39,41,168,7,0,24,37,0
52.940,30,26,156,0,0,27,41,0
52.950,0,40,160,0,0,28,29,10
52.960,0,31,164,0,0,24,21,1
52.970,0,25,156,18,0,19,26,0
52.980,0,29,156,0,0,18,21,0
52.990,10,38,164,4,0,24,30,0
52.999,2,41,164,0,0,28,39,0
52.999,41,40,164,4,0,27,40,0
52.999,0,40,156,24,0,20,28,7
53.006,12,30,152,4,0,23,22,1
53.016,0,25,152,4,0,17,28,0
53.026,0,31,156,0,0,19,23,1
53.036,0,41,172,6,0,27,36,10
53.046,35,37,168,2,0,24,40,0
53.056,1,27,156,26,0,19,28,0
53.066,0,25,152,8,0,15,20,0
53.076,0,31,156,0,0,26,41,0
53.086,0,27,152,9,0,15,39,0
53.096,0,36,172,0,0,22,42,0
53.106,25,40,172,0,0,25,40,1
53.116,0,31,168,0,0,22,38,2
53.126,0,25,156,22,0,16,26,0
53.136,0,24,152,0,0,19,19,3
53.146,0,34,160,0,0,25,42,0
53.156,5,28,168,0,0,24,41,0
53.166,0,37,172,1,0,22,40,0
53.176,0,28,164,0,0,24,28,0
53.186,0,31,164,10,0,19,35,0
53.196,0,24,152,21,0,15,25,0
53.206,0,25,156,0,0,15,37,0
53.216,1,34,156,5,0,24,26,1
53.226,0,30,160,0,0,24,42,5
53.236,14,31,156,0,0,21,37,9
53.246,8,26,156,25,0,24,26,2
53.256,0,23,160,0,0,14,19,0
53.266,0,23,152,0,0,14,27,0
53.276,0,25,152,0,0,15,39,1
53.286,6,31,160,1,0,22,40,10
53.296,0,39,168,11,0,25,41,4
53.306,30,34,164,5,0,21,36,9
53.316,36,26,156,25,0,24,25,2
53.326,0,31,152,0,0,15,20,0
53.336,0,23,152,18,0,24,41,6
53.346,0,24,152,0,0,15,22,2
53.356,26,34,156,0,0,23,41,1
53.366,6,39,164,0,0,24,41,5
53.376,1,22,148,0,0,21,36,9
53.386,0,26,156,0,0,15,25,1
53.396,1,22,152,0,0,15,21,0
53.406,0,29,152,0,0,24,43,7
53.416,9,24,148,0,0,16,40,2
53.426,9,31,152,15,0,23,39,9
53.436,0,39,160,17,0,24,27,2
53.446,31,34,160,8,0,19,34,0
53.456,0,25,148,27,0,17,25,4
53.466,0,22,140,0,0,14,20,0
53.476,1,21,148,0,0,19,30,0
53.486,0,39,160,10,0,23,40,3
53.496,1,34,156,10,0,22,36,9
53.506,40,39,156,30,0,15,21,0
53.516,0,33,160,3,0,18,31,0
53.526,0,23,148,0,0,18,41,6
53.536,1,22,148,0,0,23,34,8
53.546,0,31,152,0,0,22,40,1
53.556,0,38,160,0,0,24,41,7
53.566,0,35,164,10,1,19,34,9
53.576,0,39,168,0,0,22,22,1
53.586,0,31,156,0,0,14,20,0
53.596,0,23,148,0,0,13,19,0
53.606,0,23,144,0,0,17,26,5
53.616,23,31,152,0,1,22,38,2
53.626,2,39,164,16,0,15,23,0
53.636,0,35,160,15,0,17,31,7
53.646,27,38,148,26,0,13,19,1
53.656,13,29,144,0,0,15,22,0
53.666,8,28,148,0,0,21,34,1
53.676,3,24,144,8,0,18,29,0
53.686,3,34,156,16,1,23,34,8
53.696,0,39,164,20,0,21,39,1
53.706,25,31,156,4,0,15,26,2
53.716,2,27,148,0,0,13,18,0
53.726,0,29,156,0,0,18,27,0
53.736,0,22,152,0,0,19,35,9
53.746,0,28,148,0,1,21,41,10
53.756,0,37,160,11,0,24,30,3
53.766,0,39,164,0,0,19,21,1
53.776,3,31,156,27,0,14,23,1
53.786,0,22,148,0,0,15,20,0
53.796,0,25,144,0,0,19,31,1
53.806,0,35,156,0,0,18,31,6
53.816,0,39,160,19,0,14,21,1
53.826,0,38,160,4,0,15,23,0
53.836,14,38,152,0,0,21,35,1
53.846,0,28,156,0,0,18,43,7
53.856,0,22,148,0,0,23,35,9
53.866,0,26,148,0,0,21,35,1
53.876,8,35,156,0,0,23,42,6
53.886,0,26,156,0,0,19,36,9
53.896,4,39,156,20,0,15,24,1
53.906,0,35,164,0,0,15,22,0
53.916,6,25,152,27,0,14,33,1
53.926,0,22,148,0,0,23,43,7
53.936,0,31,152,0,0,23,40,9
53.946,0,28,152,0,0,21,38,10
53.956,0,21,144,6,0,15,24,1
53.966,0,23,148,25,0,15,23,0
53.976,4,28,144,3,0,23,42,8
53.986,0,34,156,0,0,24,41,5
53.996,0,29,148,0,0,14,21,0
