T101,T102,T103,T104,T105,T106,T107,T108,T109,T110,T111,T112,T113,T114,T115,T116,T117,T118,T119,T120,T121,T122,T123,T124,T201,T202,T203,T204,T205,T206,T207,T208,T209,T210,T211,T212,T301,mode
0.637017367,-0.225090074,0.055347848,0.744241474,-0.084036711,0.055404445,0.52585976,-0.037551754,-0.147164763,0.770601689,-0.062989188,-0.063357879,0.909466287,-0.014512303,-0.103496937,1.032690233,-0.020869677,-0.148993928,0.974315438,-0.123615504,-0.035346124,0.98565941,-0.382807868,0.126367804,0.682763777,-0.026174682,-0.703800904,-0.202744832,-0.916999539,-0.064526686,0.827770137,-0.955299617,-0.466759046,-0.718640298,-0.76227192,0.253723323,4762.852632,walking
0.726260333,-0.106946455,-0.110580914,-0.002687202,-0.005291079,-0.007922804,0.223897442,0.305276884,0.053000657,0.701904595,0.010240353,-0.082541727,0.860658666,0.02602074,-0.10839118,1.123619772,-0.099573963,-0.15733859,0.98016046,-0.080879238,-0.157066632,0.715415962,0.215369454,-0.144254568,-0.526906095,0.217049191,-0.870488275,0.207514339,0.718241599,-0.132852841,0.76358526,-0.902233136,-0.583210038,-0.4727344,-0.876121341,0.231780687,6321.615789,walking
0.926454421,-0.30230414,-0.054039727,0.433586535,0.17634357,-0.283394597,0.469788465,0.233725604,-0.530211535,0.604623289,0.076289263,-0.106299197,0.940929865,-0.026190318,-0.105608595,1.008700478,0.019486631,-0.187294638,0.901461356,0.071488438,-0.234763819,0.831975061,-0.126992446,0.050070505,0.114152915,-0.043550356,-0.853266523,0.367883604,-0.109107012,0.204693479,0.64586114,-0.862494187,-0.494675399,-0.206424767,-0.829928151,0.086118431,4269.086842,walking
0.585083776,-0.113393737,0.149108166,0.201162439,0.196460076,0.018322807,0.242608226,-0.182433216,-0.014732016,0.752331776,-0.199930645,0.054368234,0.925219099,-0.062458754,-0.070820175,1.117206643,-0.125121286,-0.129323989,0.944384311,0.004460791,-0.234024004,0.533945826,0.307171753,-0.294967775,-0.522671018,-0.462169161,-0.808310532,0.354794813,0.449367966,0.381363983,0.811386432,-0.750907533,-0.40371905,-0.288067546,-0.665273152,-0.126024322,5315.044737,walking
0.819980282,-0.181248133,-0.152334225,0.980921522,-0.163210866,-0.190164877,0.549709555,0.123823187,-0.08599172,0.640439361,0.042971344,-0.084177147,0.88655799,-0.052427312,-0.042172492,1.057703637,-0.0453489,-0.159062791,0.89199348,0.117975972,-0.291495844,0.904155732,0.133086784,-0.334376378,-0.934328766,-0.724783247,-0.880329954,0.858786161,0.9466712,0.814770343,0.780156099,-0.87838755,-0.471263404,-0.430759568,-0.77461783,0.056457618,6025.284211,walking
0.885408803,-0.730651315,0.221706746,0.246903653,-0.12215194,0.331809314,0.089678454,0.236557588,0.095265046,0.807243683,-0.099590127,-0.144291551,0.938978847,0.003420835,-0.117325631,1.063012671,-0.03968837,-0.165395011,0.844672363,0.078204151,-0.137773442,0.629618892,0.294391872,-0.293511786,-0.020344711,0.258456421,-0.515573882,-0.118254041,0.041794554,0.290991454,0.928805936,-0.941342176,-0.494416396,-0.769663357,-0.680115048,0.21516165,7850.876316,walking
0.928029638,-0.372029413,-0.112876592,0.792346162,0.01978691,-0.064796695,0.640183859,0.678005544,-0.57937702,0.704712694,0.052441346,-0.1420132,0.911479687,-0.091975823,-0.052027369,1.133965877,-0.090676985,-0.178951959,0.848772557,0.139843337,-0.291913066,0.836421626,-0.324296617,0.248884205,0.485388601,-0.178472267,-0.763761724,-0.768805211,-0.7688077,0.589421699,0.807323289,-0.815175816,-0.47939116,-0.384455297,-0.771214902,-0.028361468,4963.318421,walking
0.965299003,-0.462821708,0.168390849,0.38723749,0.053658414,0.072451297,0.267857143,-0.071428571,0.017857143,0.727208636,-0.048446771,-0.07565837,0.902594169,-0.009255027,-0.112971901,1.099816982,-0.07628267,-0.155703994,0.955192652,-0.017468915,-0.263420579,0.63158563,0.038822189,-0.040164858,0.496343842,-0.605474011,-0.817736487,-0.416827511,-0.559068403,0.699448982,0.770936554,-0.72036101,-0.428383109,-0.155861611,-0.750937108,-0.16253951,5619.342105,walking
0.346970902,-0.027942741,-0.26519894,0.599160711,-0.329897176,-0.094672838,0.740654206,-0.163316583,-0.096029211,0.638215841,0.027648317,-0.096825327,0.987380694,-0.085198291,-0.102802161,1.018064901,-0.002609098,-0.181215697,0.945190884,-0.019661995,-0.118588092,0.741573034,-0.494505495,0.236078528,-0.7046873,-0.249517157,-0.246118976,0.013501192,0.005676234,0.899310773,0.547595818,-0.944419569,-0.259603448,-0.353796423,-0.579758414,0.053143994,4295.502632,walking
0.086622521,0.079758291,0.105141039,0.571217362,-0.116433076,-0.087417176,0.430256077,-0.191110985,0.060602768,0.482021506,0.082752828,-0.115013605,0.867450103,-0.022675775,-0.075004939,1.010391024,0.03349815,-0.198253707,0.927060191,-0.073297135,-0.101101534,0.629618892,0.294391872,-0.293511786,0.26536598,0.090098317,-0.559656975,0.417704787,0.293385224,0.644244262,0.810101778,-0.856514279,-0.385463135,-0.450905584,-0.736171592,-0.026056516,4773.031579,walking
0.854987859,0.078140064,-0.299016248,0.806095979,0.200803213,-0.394707234,0.741573034,-0.494505495,0.236078528,0.731985044,-0.052296011,-0.100191355,0.925857773,-0.054726708,-0.088319667,1.104504299,-0.039729969,-0.19923892,0.976875709,-0.165780826,-0.07329895,0.885751872,-0.38067312,0.24986681,0.740148044,-0.666666667,-0.825499301,-0.32673202,-0.449132363,0.899442704,0.773489583,-0.885511764,-0.444813691,-0.429553275,-0.769516245,0.096835857,5187.421053,walking
0.506282885,-0.214152183,0.102741413,0.131045541,-0.116738476,0.097168502,0.868131868,-0.172413793,0.040545661,0.827387799,-0.09270186,-0.063522938,0.858024607,0.035864981,-0.118329738,1.118887651,-0.024753578,-0.221559009,0.870262567,0.035799235,-0.240870814,0.983148408,-0.377591496,0.18440212,0.243807855,0.190940654,-0.614692368,0.193108041,-0.157238749,-0.016505123,0.687643123,-0.733341458,-0.531757257,-0.04062921,-0.8655456,-0.093158682,3595.605263,walking
0.595151618,0.022285452,0.030244342,0.350767752,0.014817579,0.1740795,0.420446256,-0.320250545,0.09319974,0.674736499,0.006354338,-0.014305321,0.905408124,-0.072734186,-0.044208008,1.113293472,-0.051870288,-0.192828265,1.067858142,-0.090628549,-0.220994887,1.053425113,-0.448998785,0.187086738,0.614251478,-0.130182799,-0.570174122,-0.247246807,-0.566611842,0.657596974,0.766899846,-0.872840103,-0.577805874,-0.427238493,-0.879265586,0.159534052,5750.186842,walking
0.619296008,0.273006647,-0.228554885,0.264246858,-0.161853277,-0.264441666,0.351231973,0.045084105,0.098763708,0.662292741,0.071592668,-0.104555514,0.929032901,-0.037091248,-0.093215296,1.089208574,-0.011681489,-0.210767393,0.88941173,0.124554745,-0.291761611,0.598847277,0.510644964,-0.401152723,0.009132134,-0.21495984,-0.726845523,0.251629956,0.136580136,0.342407275,0.797926948,-0.75647488,-0.536640149,-0.25455478,-0.791177803,-0.045571989,5614.065789,walking
0.583159423,-0.072154341,-0.062001867,-0.059758471,0.265105823,0.24705971,-0.038017005,-0.068503361,0.187723546,0.644376296,-0.003259089,-0.021941201,0.865376158,-0.111235656,0.009393277,1.079407712,-0.018976935,-0.192086217,0.936969792,-0.137647392,-0.136477017,0.786518849,0.217093836,-0.244972254,-0.146176337,0.112603855,-0.652219245,0.042796049,0.389388579,0.359347307,0.759010842,-0.695492636,-0.505772604,-0.07767811,-0.866711945,-0.166765829,4548.155263,walking
0.659831009,-0.247661214,0.01000476,-0.005804577,-0.011236656,-0.016793588,0.441279329,-0.195262358,0.06151872,0.581519477,0.157583478,-0.078026099,0.916576404,-0.034767106,-0.093006394,1.089787184,0.043570488,-0.271291068,0.975758944,-0.082708688,-0.15310445,0.715597361,0.157984953,-0.092720903,0.341972378,-0.681120471,-0.698759107,-0.244599795,-0.440559274,0.668090299,0.724746266,-0.776062688,-0.560095353,-0.183803376,-0.881226139,-0.046375012,6759.644737,walking
0.869067187,-0.432191643,-0.055327974,0.150967303,-0.000738434,-0.1527663,0.269339456,0.376733781,-0.309607912,0.710770487,-0.027091068,-0.096706431,0.921548068,-0.028994721,-0.090822824,1.1048111,-0.07673085,-0.167785346,0.977553369,0.030075675,-0.190040677,-0.002687202,-0.005291079,-0.007922804,-0.04843276,-0.755182202,-0.801770369,0.174077656,0.138978281,0.656437098,0.877519182,-0.958432627,0.50291386,-0.8114534,0.191209253,-0.444824218,5279.844737,walking
0.902744739,-0.081919345,-0.20191062,0.446423018,-0.298953324,-0.124046781,0.549709555,0.123823187,-0.08599172,0.744764474,0.063357118,-0.18292257,0.957617065,-0.033965257,-0.121373944,1.114471449,-0.089974965,-0.158384914,0.765586666,0.110742244,-0.214086562,0.54814171,-0.069637538,0.174585869,0.012611434,-0.877547509,-0.857213595,-0.147660398,-0.382453246,0.826377101,0.849810545,-0.779521274,-0.549711157,-0.356829055,-0.780706532,0.080726084,7714.35,walking
1.028285961,-0.166415335,-0.197647242,0.485363145,0.129259379,0.0409187,0.141867814,0.212576978,0.107776905,0.621158793,0.075908522,-0.029416762,0.901545308,-0.028050743,-0.059424468,1.07143782,0.024437691,-0.241698267,0.826637403,0.106479931,-0.188945159,0.769336612,-0.052537883,0.00563626,0.446844455,0.243733339,-0.634198142,0.166666667,-0.714145009,0.063213793,0.714624632,-0.858049472,-0.538185225,-0.304043854,-0.844693728,0.094899671,4386.363158,walking
0.781765307,-0.055056586,-0.326019124,0.338550465,0.013860001,-0.33442716,-0.001428004,-0.001985557,-0.341529527,0.785501489,-0.006155301,-0.084141557,0.869343591,-0.011785077,-0.083834392,1.062592619,-0.01531915,-0.188374191,0.864866253,0.126551182,-0.242002365,0.755596804,0.378759727,-0.394553346,0.469727978,0.193417403,-0.693580399,-0.322033898,-0.576947288,0.17826703,0.675111309,-0.871563782,-0.508883172,-0.294267746,-0.875001986,0.050203998,3743.555263,walking
0.812966828,-0.129604571,-0.119236562,0.811673972,-0.06715878,0.062977907,0.345122107,0.290752847,-0.019339631,0.756500118,-0.010496746,-0.125370731,0.898392009,-0.041102385,-0.074325661,1.045912384,0.025031176,-0.205957267,1.073676651,-0.159232417,-0.16442595,1.124053482,-0.490682358,0.063520795,0.209243488,-0.706824108,-0.782462248,-0.060342523,-0.545882575,0.667693224,0.743823043,-0.8043962,-0.377280875,-0.253069379,-0.69839536,-0.152094958,3280.357895,walking
1.100468508,-0.791517231,0.326409931,-0.626170779,-0.626715411,-0.128043438,0.665302782,-5.55E-17,-0.334697218,0.653097843,0.087650592,-0.109315126,0.931245728,-0.054683067,-0.069291601,1.114613763,-0.016379987,-0.22845228,0.989866798,-0.200991638,-0.082422453,1.014107629,-0.159655633,-0.140392178,0.175384073,-0.134742014,-0.743212164,0.054690282,-0.018506843,-0.07298686,0.791159645,-0.723500423,-0.478599896,-0.197029848,-0.722555823,-0.037847592,4291.542105,walking
0.643198563,-0.293381125,0.369136573,1.061412348,-0.40038941,0.163626999,0.771186441,-0.181818182,-0.046995378,0.666603885,0.047205743,-0.064530502,0.940387456,-0.015577809,-0.119133631,1.099868519,-0.037769075,-0.199832375,0.988783122,-0.086958561,-0.12423698,0.500679627,0.342135939,-0.137903427,0.693545734,-0.212079021,-0.796035592,0.15233959,-0.764087702,0.276899277,0.726059717,-0.876568929,-0.494981357,-0.356051975,-0.805929954,0.089998375,4279.031579,walking
1.236431769,-0.525834756,0.0596003,0.731222236,-0.003116503,0.031453183,0.451399116,-0.035935199,0.137113402,0.672625661,-0.014386365,-0.002420894,0.945495365,-0.031227502,-0.108639308,1.031507179,0.04813576,-0.224857567,0.996687739,-0.064810279,-0.130000221,0.707571586,0.095154185,-0.104928414,0.822457287,-0.281103996,-0.803825156,-0.088176428,-0.838310798,0.326839987,0.658486089,-0.861252184,-0.487690254,-0.275828258,-0.799129562,0.037333667,3095.023684,walking
1.267589087,-0.508805008,-0.022513302,0.501915758,-0.247435681,0.08951097,0.442608696,0.293913043,-0.157391304,0.783701206,-0.053821917,-0.074294952,0.95283841,-0.031104448,-0.125534701,1.029679172,-0.009704714,-0.183237243,0.918814491,0.138407267,-0.286052899,0.373864907,0.309579531,0.017221551,0.489521538,-0.736284385,-0.85476076,-0.546941769,-0.85561457,0.787029678,0.662287552,-0.821209347,-0.451869602,-0.235228068,-0.810792546,-0.036522213,4116.947368,walking
0.813594609,0.125205661,-0.135327071,0.342629541,0.069385626,0.207115522,0.741573034,-0.494505495,0.236078528,0.696981481,0.124728197,-0.180225471,0.923530133,-0.014288404,-0.110468536,1.058916775,-0.02684857,-0.176549316,0.992532194,-0.039119343,-0.162833372,0.720791865,-0.302033752,0.220791865,0.827956989,-0.578728195,-0.843669114,-0.718421208,-0.888895365,0.827637296,0.803566046,-0.921285814,-0.374356921,-0.585373346,-0.671605699,0.062846291,5612.215789,walking
0.810908571,-0.152352128,-0.174958486,1.201410765,-0.079436872,-0.248709421,0.934112747,-0.056103891,-0.066506153,-0.002687202,-0.005291079,-0.007922804,0.047490645,0.034049637,0.021516619,1.062681844,-0.063394541,-0.200766975,0.68649564,0.024123964,-0.061841724,1.126174586,0.050216193,-0.301703748,0.147957176,-0.111278603,-0.557116106,0.816647894,-0.285380621,-0.323711248,-0.046003018,-0.303869517,-0.304811816,-0.432015039,-0.761137797,0.598193772,10481.07368,walking
0.901011092,-0.040980344,-0.15796856,0.722494176,0.104174856,-0.124444599,-0.002687202,-0.005291079,-0.007922804,0.726691883,-0.031068373,-0.055362672,0.951284482,-0.037932686,-0.107975223,1.143536666,-0.023655511,-0.248765892,1.010300297,0.002066999,-0.230820724,0.942688973,0.035296606,-0.25841711,0.638565694,-0.329128573,-0.779002214,-0.473684211,-0.7194698,0.7194698,0.812126255,-0.92689948,-0.488342609,-0.605998426,-0.721625316,0.146477722,6004.081579,walking
0.639114724,-0.020325203,-0.17570009,0.542712605,-0.251737267,-0.166025259,0.469345163,-0.257099581,-0.10634291,0.692538533,0.099356676,-0.181480999,0.946116243,-0.014531173,-0.120351893,1.020784021,0.005154139,-0.179889591,1.013221767,-0.181022298,-0.051223276,0.478884945,0.004926597,0.039229772,-0.170996392,0.05967624,-0.776052865,-0.771454276,-0.099419084,0.110848198,0.771262016,-0.835465695,-0.396406459,-0.347471588,-0.654588564,-0.045926057,3491.602632,walking
-0.002687202,-0.005291079,-0.007922804,-0.162841024,-0.049510305,-0.089156813,0.400100447,-0.335035025,0.18306748,0.921041855,-0.308186265,-0.012756054,1.022308853,-0.195718204,-0.016265236,0.852854849,-0.12304463,0.085899022,0.931956335,-0.018395679,-0.069625717,0.385518663,-0.14532872,-0.018736656,0.523790133,0.700472797,0.66864119,0.292903951,-0.097942453,0.634505121,0.96930805,0.759617471,-0.183506757,0.802692046,-0.077515128,0.01477877,317.2421053,downstairs
-0.055796581,-0.008826125,-0.008676163,0.822755126,-0.2666286,-0.076512273,-0.028034876,-0.032117615,-0.036473695,0.879486603,-0.088060474,-0.159575897,0.984961812,-0.086219268,-0.062620982,0.932842204,-0.005513452,-0.102233737,0.824835604,0.237899352,-0.26723484,0.984249731,0.011958799,-0.197385946,-0.524749768,-0.067651009,0.524682739,-0.141999405,-0.809294942,0.572227531,0.94855679,0.911819592,-0.944108034,0.904345723,-0.943118484,-0.879039095,673.7157895,downstairs
-0.002687202,-0.005291079,-0.007922804,0.777666861,-0.136997421,0.079060094,1.043684217,-0.190459356,-0.020559718,1.376387049,-0.47342496,-0.059611735,0.907757866,-0.004587313,-0.053277664,0.943432073,0.01413678,-0.104641062,0.776155777,0.004802781,-0.128039764,0.964482537,-0.204794839,-0.104178572,0.454407035,0.365313136,0.046993415,0.915682157,0.414846125,0.563673253,0.95107729,-0.249097944,-0.712969243,-0.484084167,-0.688586305,0.322256606,891.4078947,downstairs
-0.002687202,-0.005291079,-0.007922804,0.064090408,-0.096944978,-0.224007479,0.592197004,-0.333970489,0.138469497,0.751503094,-0.146621221,-0.096766901,1.033249629,-0.118105651,-0.058821593,0.671209927,0.153816874,-0.122618659,0.832121526,-0.045039453,-0.142153922,0.288039098,0.276202421,-0.041229195,0.688247202,0.850394947,0.742306738,0.429772247,0.217734777,0.932771376,0.857289603,0.001949676,-0.263111716,-0.383613048,-0.43481367,0.669037409,288.6973684,downstairs
1.067775208,-0.75280746,0.320584197,0.64218798,-0.083401912,-0.126330539,0.198798216,0.478147721,-0.207338372,-0.002687202,-0.005291079,-0.007922804,0.684842895,-0.140011015,-0.126639539,0.737703871,-0.105503079,-0.094258618,0.721304435,-0.035002481,-0.227499519,-0.062784194,-0.065108984,-0.067759318,0.86531333,0.65448683,0.499352471,0.763107378,0.760604674,0.67692767,0.683656085,0.398318992,-0.011076296,0.684257074,0.064909178,0.329921002,96.27631579,downstairs
0.643801258,-0.387291982,0.170117048,0.785827623,-0.382147838,0.024958058,0.711308057,-0.066699856,-0.173654967,-0.002687202,-0.005291079,-0.007922804,0.880294233,-0.058401159,-0.048414464,0.875773951,0.029520391,-0.077127738,1.175102803,-0.197729336,-0.235296151,0.678246105,-0.21354997,0.262479798,0.729324957,0.919869777,0.82309878,0.740741112,0.512989176,0.729174169,0.926515309,0.723238638,0.224646158,0.600719855,0.461027195,-0.134276645,312.6105263,downstairs
0.652104568,-0.451627436,0.225021235,0.494852113,0.047069307,-0.301527977,0.548850453,0.110632516,-0.084510039,-0.002687202,-0.005291079,-0.007922804,0.936660462,0.07216596,-0.151381984,0.959787087,0.012689181,-0.133695685,1.078286893,-0.21109183,-0.000479227,1.057557792,-0.093947487,-0.119646321,0.026860765,0.492718899,-0.076471911,0.459190253,0.66552648,0.78143293,0.971210927,0.978612728,-0.962474378,0.962400344,-0.95303288,-0.957745809,1519.621053,downstairs
0.993893482,-0.158472848,-0.106766713,1.137456655,-0.044899107,-0.271384631,1.138019662,-0.000204279,-0.262666062,1.02854152,-0.169807136,-0.145428151,1.035120496,0.039431406,-0.352630908,1.089967946,0.065310059,-0.2860554,1.009967936,-0.010269924,-0.143399912,0.726927055,0.002513395,-0.134959214,0.822577809,0.251387087,-0.247523055,0.679455399,0.133955378,0.585179584,0.808445153,0.848095864,0.701111443,0.978538923,0.547057664,0.679367775,19410.95263,downstairs
0.716731989,-0.466575052,0.218672827,0.521704321,0.077488694,-0.161722122,0.195159805,0.095759261,0.181416879,-0.002687202,-0.005291079,-0.007922804,0.936997744,-0.038447205,-0.060684989,0.926830229,0.000595913,-0.100541846,0.834893086,0.105301077,-0.186787131,0.902270998,-0.393210652,0.156687555,0.755010574,0.782276002,0.767966671,0.681279547,0.607570599,0.891808072,0.990285411,0.895845324,-0.758001227,0.920632683,-0.760195567,-0.749229048,5409.526316,downstairs
0.979580213,-0.155842364,-0.184264681,0.601121814,-0.281623965,0.173074928,-0.157957345,0.308507151,0.309392979,-0.002687202,-0.005291079,-0.007922804,0.838639374,0.067927788,-0.143466484,0.928971395,-0.02380057,-0.099004097,1.06393675,0.010729546,-0.227422331,0.726736771,0.065130141,0.023262551,0.348324845,0.671748283,0.510866244,0.197599199,0.501399972,0.831023647,0.950037146,0.637747212,-0.749674258,0.830224595,-0.899192203,-0.924502024,1260.928947,downstairs
0.505097142,0.280528958,0.015301223,0.866869037,-1.39E-17,-0.133130963,0.556277056,0.246753247,-0.261904762,1.031605252,-0.174994514,-0.044227096,0.587399758,0.09274582,0.022063322,0.855657486,0.120090903,-0.161544349,0.902120239,-0.045974002,-0.058531156,0.962356368,0.046579205,-0.163234014,0.485453323,-0.341235324,-0.689754896,-0.866614902,-0.87836981,0.664185196,0.905112009,0.941423622,-0.793773113,0.982003692,-0.948656347,-0.916897184,612.9078947,upstairs
-0.062784194,-0.065108984,-0.067759318,0.489237673,0.155263781,-0.127720304,0.978726186,-0.529087798,0.290052005,1.01076574,-0.142864094,-0.116462021,0.873937656,0.059942344,-0.14560438,1.036893809,-0.016684817,-0.155539526,1.061792143,0.00187999,-0.200770863,0.768035943,0.111108336,-0.081682279,-0.260273603,-0.056478249,-0.044351746,0.732646429,0.443173425,0.703879416,0.928931077,0.891239807,-0.812308868,0.990469368,-0.922507693,-0.93311395,1317.713158,upstairs
0.673050616,0.177589852,-0.091655267,0.486392924,0.040788259,-0.193094256,0.374509655,0.111139055,0.042473338,1.001728715,-0.225397168,-0.01184397,-0.002687202,-0.005291079,-0.007922804,0.705939333,0.225836418,-0.160574779,0.957075504,-0.091098997,-0.069215494,1.049417388,-0.107085439,-0.107840677,-0.232008084,-0.226018222,-0.808605711,0.417506798,0.513075982,0.626420134,0.587021963,0.509221907,-0.414088635,0.987426063,-0.94844265,-0.944404883,592.7763158,upstairs
0.698656398,0.01238735,0.004538751,0.808311192,-0.358986293,0.0234826,0.571923842,0.043743248,-0.113940032,1.013382308,-0.231576826,-0.063753068,-0.002687202,-0.005291079,-0.007922804,0.757914,-0.006680832,-0.008900381,0.882484561,-0.00104495,-0.077749375,0.985657059,-0.010866344,-0.152130886,0.095059783,-0.336958144,-0.681949123,0.644040017,0.277990341,0.717977283,0.631094542,0.483562423,-0.397238135,0.967592766,-0.935004031,-0.982301402,531.2868421,upstairs
0.821100917,-3.33E-16,-0.178899083,0.416957302,0.310010764,-0.343042698,0.783444938,-0.238553341,-0.027254651,1.110729595,-0.406585486,0.116952715,0.336548542,0.364526763,-0.13021552,0.888639349,-0.105649182,0.013098744,0.90980724,-0.00321085,-0.100466247,1.015950939,0.012829427,-0.171342878,-0.152426245,-0.308619814,-0.434512917,0.7823356,0.541701272,0.477696464,0.823305375,0.773691321,-0.639200538,0.984290543,-0.922265183,-0.956630921,649.4342105,upstairs
0.718183222,0.102223869,-0.088143441,0.691615452,0.083955224,-0.13191396,0.765859716,0.170254182,-0.193993662,1.030711026,-0.12828569,-0.201081094,-0.002687202,-0.005291079,-0.007922804,0.836949513,-0.087007803,0.000969754,0.911395268,-0.051381675,-0.078686115,0.928348192,0.01303816,-0.11977376,-0.12482675,-0.532947384,-0.695258556,0.778009291,0.577270761,0.786930536,0.598986047,0.497364371,-0.358177391,0.97015008,-0.894564918,-0.96460705,886.6894737,upstairs
-0.002687202,-0.005291079,-0.007922804,0.866791295,-0.179994099,0.046785394,0.531541691,0.074990987,0.049676406,1.058575053,-0.245238813,0.005203402,0.860215007,-0.029449022,-0.05226828,1.035745091,0.018766918,-0.220726673,1.021676453,0.079324796,-0.254378833,0.884804098,0.050026578,-0.13311874,0.235639417,0.674837002,0.369835726,-0.019747358,-0.552472142,0.680908498,0.960292024,0.852704096,-0.855009766,0.940613951,-0.907950747,-0.944645609,675.5315789,upstairs
-0.002687202,-0.005291079,-0.007922804,0.428295368,0.359690127,-0.059704632,0.592691317,0.21341278,-0.279571456,1.146118861,-0.436775479,0.130738189,0.583915221,0.058742233,-0.071916519,0.922625653,-0.0697481,-0.041035487,0.921478119,-0.018871632,-0.084523903,1.012346433,-0.117795418,-0.053800508,0.208732335,0.744161101,0.366673059,0.160978866,-0.592449389,0.614230715,0.830793818,0.772607965,-0.643618798,0.97898338,-0.939917262,-0.977472097,672.2263158,upstairs
-0.002687202,-0.005291079,-0.007922804,0.062030417,0.154133484,-0.008537569,0.306687811,0.2003387,0.066921729,0.977714772,-0.185350596,0.003998116,1.019862196,-0.568228951,0.142311176,0.997392715,-0.029944615,-0.13383256,1.154503627,-0.107711268,-0.180245056,1.053963307,0.007903802,-0.197075215,0.524749768,0.713050429,0.41533786,0.491102124,0.27549259,0.68131956,0.699404169,0.52871499,-0.422050013,0.970523601,-0.884054418,-0.941940641,2366.176316,upstairs
1.002277958,0.057518773,-0.280563494,1.074515631,0.047275328,-0.358127356,0.958982597,-0.022434395,-0.121495929,0.829572764,0.008930828,-0.112897625,-0.002687202,-0.005291079,-0.007922804,0.89202419,0.049573315,-0.146194846,0.955521591,0.161644081,-0.284251863,0.964701002,-0.047855193,-0.100221187,0.571301646,0.140016139,-0.737925707,0.857466006,-0.182473259,0.191661128,0.466595256,0.373796897,0.437618197,0.96565954,0.945115193,0.978402163,5483.447368,upstairs
-0.002687202,-0.005291079,-0.007922804,-0.002687202,-0.005291079,-0.007922804,-0.478366225,-0.298252022,-0.38409013,0.109713001,-0.147783251,-0.129417434,-0.002687202,-0.005291079,-0.007922804,-0.002687202,-0.005291079,-0.007922804,0.140663388,-0.048418096,0.034972331,-0.002687202,-0.005291079,-0.007922804,1,-0.088121024,-0.114707867,-0.088121024,-0.114707867,0.28808298,1,0.187317162,1,0.187317162,1,0.187317162,10.94473684,sitting
-0.002687202,-0.005291079,-0.007922804,-0.002687202,-0.005291079,-0.007922804,0,0,-0.25,-0.055796581,-0.008826125,-0.008676163,-0.002687202,-0.005291079,-0.007922804,-0.002687202,-0.005291079,-0.007922804,0.209949792,-0.37166096,0.231455168,-0.002687202,-0.005291079,-0.007922804,1,0.512989176,-0.052631579,0.512989176,-0.052631579,0,1,-0.150187852,1,-0.150187852,1,-0.150187852,3.889473684,sitting
-0.002687202,-0.005291079,-0.007922804,-0.002687202,-0.005291079,-0.007922804,-0.437380048,-0.266623573,-0.337270037,-0.581048849,-0.246654713,-0.127108783,-0.002687202,-0.005291079,-0.007922804,-0.147605159,-0.152042964,-0.108001199,0.202034884,0.130232558,0.077034884,-0.002687202,-0.005291079,-0.007922804,1,-0.168345125,-0.253628637,-0.168345125,-0.253628637,0.031606977,0.076471911,-0.229415734,1,0.333333333,0.076471911,-0.229415734,4.65,sitting
-0.002687202,-0.005291079,-0.007922804,-0.002687202,-0.005291079,-0.007922804,0.087436163,0.329444826,-0.185819651,0.362573099,-0.076023392,0.140350877,-0.002687202,-0.005291079,-0.007922804,-0.002687202,-0.005291079,-0.007922804,0.475404814,-0.099197666,0.115404814,-0.002687202,-0.005291079,-0.007922804,1,-0.096373885,-0.229415734,-0.096373885,-0.229415734,0.420084025,1,0.132453236,1,0.132453236,1,0.132453236,9.3,sitting
-0.002687202,-0.005291079,-0.007922804,-0.099791014,-0.114106583,-0.069487983,0.199729938,0.140103689,-0.475157954,-0.146212566,-0.297709924,0.161479742,-0.002687202,-0.005291079,-0.007922804,-0.062784194,-0.065108984,-0.067759318,-0.049083623,-0.005799652,-0.091987913,-0.002687202,-0.005291079,-0.007922804,-0.132453236,-0.032773676,0.229415734,0.08247861,0.577350269,0,0.052631579,-0.312640946,1,0.312640946,0.052631579,-0.312640946,9.152631579,sitting
-0.002687202,-0.005291079,-0.007922804,-0.076451897,-0.083460338,0.408696618,0.333762469,-0.249190989,-0.061841926,-0.116914417,0.025968557,0.196644905,-0.002687202,-0.005291079,-0.007922804,-0.002687202,-0.005291079,-0.007922804,-0.062784194,-0.065108984,-0.067759318,-0.002687202,-0.005291079,-0.007922804,-0.076471911,-0.288429975,-0.280975743,0.179605302,0.272165527,0.109985336,1,0.052631579,1,0.052631579,1,0.052631579,5.818421053,sitting
-0.002687202,-0.005291079,-0.007922804,-0.002687202,-0.005291079,-0.007922804,-0.030045791,-0.114059189,-0.37645102,-0.155511077,-0.159663256,-0.165412067,-0.002687202,-0.005291079,-0.007922804,-0.002687202,-0.005291079,-0.007922804,-0.03835962,0.214294309,0.273347009,-0.002687202,-0.005291079,-0.007922804,1,-0.465773337,-0.076471911,-0.465773337,-0.076471911,0.364405444,1,0.312640946,1,0.312640946,1,0.312640946,7.489473684,sitting
-0.002687202,-0.005291079,-0.007922804,-0.002687202,-0.005291079,-0.007922804,-0.020588785,-0.196297385,-0.038770603,-0.002687202,-0.005291079,-0.007922804,-0.002687202,-0.005291079,-0.007922804,0.451823539,0.004623928,-0.054958212,0.390761129,-0.263651631,-0.037265563,-0.002687202,-0.005291079,-0.007922804,1,0.320896912,1,0.320896912,1,0.320896912,0.253628637,-0.168345125,1,-0.242320157,0.253628637,-0.168345125,5.592105263,sitting
-0.002687202,-0.005291079,-0.007922804,-0.002687202,-0.005291079,-0.007922804,0.568627451,-0.630252101,0.198879552,-0.155511077,-0.159663256,-0.165412067,-0.002687202,-0.005291079,-0.007922804,-0.002687202,-0.005291079,-0.007922804,-0.133647558,-0.092989986,-0.091980891,-0.002687202,-0.005291079,-0.007922804,1,0.236066843,0.076471911,0.236066843,0.076471911,-0.057166195,1,0.076471911,1,0.076471911,1,0.076471911,6.165789474,sitting
-0.002687202,-0.005291079,-0.007922804,-0.059544573,-0.062001509,-0.014768453,-0.060602588,-0.149914335,-0.567181535,-0.403062339,-0.051407975,0.066009826,-0.002687202,-0.005291079,-0.007922804,0.16156033,-0.162804463,0.071462203,-0.099942187,0.12219768,-0.072984549,-0.002687202,-0.005291079,-0.007922804,-0.052631579,-0.089984254,-0.350438322,-0.089984254,0.150187852,0.256776296,-0.253628637,0.168345125,1,0.179106203,-0.253628637,0.168345125,5.3,sitting
-0.002687202,-0.005291079,-0.007922804,-0.002687202,-0.005291079,-0.007922804,-0.111376651,0.030196911,0.286472811,0.069628473,0.13075277,0.103148026,-0.002687202,-0.005291079,-0.007922804,0.005412582,-0.264756944,-0.210273693,-0.002687202,-0.005291079,-0.007922804,-0.002687202,-0.005291079,-0.007922804,1,-0.074827162,-0.350438322,-0.074827162,-0.350438322,0.498223795,-0.114707867,1,1,-0.114707867,-0.114707867,1,10.53421053,sitting
-0.002687202,-0.005291079,-0.007922804,-0.002687202,-0.005291079,-0.007922804,0.534443817,-0.492459218,0.026903035,0.67721519,-0.495049505,0.172264695,-0.002687202,-0.005291079,-0.007922804,0.652104568,-0.451627436,0.225021235,0.028066187,0.00504404,-0.168853505,-0.002687202,-0.005291079,-0.007922804,1,-0.101364149,0.076471911,-0.101364149,0.076471911,0.147278694,-0.076471911,0.312640946,1,0.104828484,-0.076471911,0.312640946,11.19736842,sitting
-0.002687202,-0.005291079,-0.007922804,-0.313617242,-0.220491444,0.04507841,-0.970606265,-0.610039733,-0.342699288,-0.227869374,-0.112895717,-0.211609211,-0.002687202,-0.005291079,-0.007922804,-0.041164075,0.421440801,-0.060771918,-0.002687202,-0.005291079,-0.007922804,-0.002687202,-0.005291079,-0.007922804,-0.114707867,-0.405906055,0.187317162,0.221162934,0.40824829,0.391254023,-0.076471911,1,1,-0.076471911,-0.076471911,1,8.463157895,sitting
-0.002687202,-0.005291079,-0.007922804,-0.062784194,-0.065108984,-0.067759318,-0.264647192,-0.166026918,0.237525372,-0.402498265,-0.190839695,0.14295628,-0.002687202,-0.005291079,-0.007922804,-0.059544573,-0.062001509,-0.014768453,-0.18228694,0.326320711,-0.123463411,-0.002687202,-0.005291079,-0.007922804,-0.052631579,-0.175129097,-0.229415734,0.214046674,0.229415734,0.593732251,-0.052631579,0.132453236,1,0.132453236,-0.052631579,0.132453236,6.563157895,sitting
-0.002687202,-0.005291079,-0.007922804,-0.002687202,-0.005291079,-0.007922804,-0.393044878,-0.116210317,-0.192328033,-0.9,-0.4,-0.3,-0.002687202,-0.005291079,-0.007922804,-0.187679689,-0.196428152,0.175210295,-0.002687202,-0.005291079,-0.007922804,-0.002687202,-0.005291079,-0.007922804,1,0.288429975,-0.229415734,0.288429975,-0.229415734,0.538815906,-0.096373885,1,1,-0.096373885,-0.096373885,1,5.868421053,sitting
-0.002687202,-0.005291079,-0.007922804,-0.002687202,-0.005291079,-0.007922804,-0.128386728,0.146383228,-0.150391618,-0.055796581,-0.008826125,-0.008676163,-0.002687202,-0.005291079,-0.007922804,-0.147605159,-0.152042964,-0.108001199,-0.259534896,0.155535224,0.233002417,-0.002687202,-0.005291079,-0.007922804,1,-0.096373885,0.052631579,-0.096373885,0.052631579,0.096373885,-0.076471911,0.114707867,1,0.166666667,-0.076471911,0.114707867,2.660526316,sitting
-0.002687202,-0.005291079,-0.007922804,-0.279466626,-0.098992706,-0.240505587,-0.041984888,-0.301826847,-0.067625914,-0.002687202,-0.005291079,-0.007922804,-0.002687202,-0.005291079,-0.007922804,-0.002687202,-0.005291079,-0.007922804,-0.002687202,-0.005291079,-0.007922804,-0.002687202,-0.005291079,-0.007922804,-0.114707867,-0.132453236,1,0.288675135,-0.114707867,-0.132453236,1,1,1,1,1,1,3.626315789,sitting
-0.002687202,-0.005291079,-0.007922804,-0.059544573,-0.062001509,-0.014768453,0.510448975,-0.160810513,0.054289153,-0.389725097,0.466384311,0.144801757,-0.002687202,-0.005291079,-0.007922804,-0.002687202,-0.005291079,-0.007922804,0.242608226,-0.182433216,-0.014732016,-0.002687202,-0.005291079,-0.007922804,0.052631579,-0.253628637,0.207514339,0.253628637,0.253628637,-0.212121212,1,0.096373885,1,0.096373885,1,0.096373885,4.813157895,sitting
-0.002687202,-0.005291079,-0.007922804,-0.002687202,-0.005291079,-0.007922804,-0.134292821,-0.160033581,0.076384014,-0.365905201,0.139529692,0.054549344,-0.002687202,-0.005291079,-0.007922804,-0.155511077,-0.159663256,-0.165412067,-0.153827967,0.16012032,0.242820078,-0.002687202,-0.005291079,-0.007922804,1,-0.168345125,-0.280975743,-0.168345125,-0.280975743,0.59914469,-0.076471911,-0.350438322,1,0.21821789,-0.076471911,-0.350438322,4.6,sitting
-0.002687202,-0.005291079,-0.007922804,-0.002687202,-0.005291079,-0.007922804,-0.154136177,0.284222738,-0.096443869,-0.055796581,-0.008826125,-0.008676163,-0.002687202,-0.005291079,-0.007922804,0.728571429,-0.24,-0.031428571,-0.175528348,0.215694579,-0.151431962,-0.002687202,-0.005291079,-0.007922804,1,-0.114707867,0.052631579,-0.114707867,0.052631579,0.114707867,0.397359707,0.187317162,1,0.471404521,0.397359707,0.187317162,3.394736842,sitting
-0.002687202,-0.005291079,-0.007922804,-0.002687202,-0.005291079,-0.007922804,0.701244813,-0.195530726,-0.10322446,-0.062784194,-0.065108984,-0.067759318,-0.002687202,-0.005291079,-0.007922804,-0.062784194,-0.065108984,-0.067759318,0.293611794,-0.278787879,-0.111793612,-0.002687202,-0.005291079,-0.007922804,1,-0.350438322,0.052631579,-0.350438322,0.052631579,-0.150187852,-0.052631579,-0.397359707,1,0.132453236,-0.052631579,-0.397359707,4.034210526,sitting
-0.002687202,-0.005291079,-0.007922804,-0.002687202,-0.005291079,-0.007922804,-0.148659227,-0.323318497,0.323733411,-0.002687202,-0.005291079,-0.007922804,-0.002687202,-0.005291079,-0.007922804,-0.18292789,-0.132359653,0.198764683,-0.187679689,-0.196428152,0.175210295,-0.002687202,-0.005291079,-0.007922804,1,0.280975743,1,0.280975743,1,0.280975743,-0.096373885,0.096373885,1,0.176470588,-0.096373885,0.096373885,4.560526316,sitting
-0.002687202,-0.005291079,-0.007922804,-0.339434643,0.069493969,0.123979991,-0.166158389,-0.184982751,0.001874398,0.219550629,-0.067074677,0.429317555,-0.002687202,-0.005291079,-0.007922804,0.047490645,0.034049637,0.021516619,0.047490645,0.034049637,0.021516619,-0.002687202,-0.005291079,-0.007922804,0.168345125,-0.150187852,-0.207514339,0.480384461,0.031606977,-0.153522062,0.114707867,0.114707867,1,1,0.114707867,0.114707867,4.523684211,sitting
-0.002687202,-0.005291079,-0.007922804,0.103806986,0.151347713,-0.14200307,-0.062784194,-0.065108984,-0.067759318,-0.11249241,-0.122028076,0.217386692,-0.002687202,-0.005291079,-0.007922804,-0.526728511,-0.025120008,0.180588562,-0.128386728,0.146383228,-0.150391618,-0.243324509,0.338360402,0.198983184,-0.350438322,0.052631579,-0.096373885,0.350438322,0.275009549,0.096373885,0.168345125,-0.096373885,-0.114707867,0.3082574,-0.157242726,0.140028008,2.871052632,standing
-0.002687202,-0.005291079,-0.007922804,-0.002687202,-0.005291079,-0.007922804,0.141960543,0.128685206,0.193305286,-0.002687202,-0.005291079,-0.007922804,-0.002687202,-0.005291079,-0.007922804,-0.002687202,-0.005291079,-0.007922804,-0.038017005,-0.068503361,0.187723546,-0.062784194,-0.065108984,-0.067759318,1,0.096373885,1,0.096373885,1,0.096373885,1,0.312640946,-0.052631579,0.312640946,-0.052631579,-0.168345125,2.686842105,standing
-0.002687202,-0.005291079,-0.007922804,0.140663388,-0.048418096,0.034972331,-0.002687202,-0.005291079,-0.007922804,-0.055796581,-0.008826125,-0.008676163,-0.002687202,-0.005291079,-0.007922804,-0.326948308,-0.34789644,-0.245867226,-0.002687202,-0.005291079,-0.007922804,0.029322157,-0.206669329,-0.145935575,0.187317162,1,-0.052631579,0.187317162,-0.280975743,-0.052631579,-0.187317162,1,0.114707867,-0.187317162,-0.102062073,0.114707867,0.923684211,standing
-0.002687202,-0.005291079,-0.007922804,-0.055796581,-0.008826125,-0.008676163,-0.062784194,-0.065108984,-0.067759318,-0.002687202,-0.005291079,-0.007922804,-0.002687202,-0.005291079,-0.007922804,-0.002687202,-0.005291079,-0.007922804,-0.062784194,-0.065108984,-0.067759318,-0.128386728,0.146383228,-0.150391618,0.052631579,-0.052631579,1,0.052631579,0.052631579,-0.052631579,1,0.052631579,0.096373885,0.052631579,0.096373885,-0.096373885,1.234210526,standing
-0.002687202,-0.005291079,-0.007922804,0.739940387,-1.94E-16,-0.260059613,0.20370045,0.163527317,0.245367116,0.449581398,0.316319723,-0.191995663,-0.002687202,-0.005291079,-0.007922804,0.139876705,0.19934566,-0.013860954,-0.147605159,-0.152042964,-0.108001199,-0.002687202,-0.005291079,-0.007922804,0.096373885,0.150187852,-0.224872398,0.336122782,-0.37254902,-0.580575715,-0.168345125,0.076471911,1,-0.104828484,-0.168345125,0.076471911,4.692105263,standing
-0.002687202,-0.005291079,-0.007922804,-0.002687202,-0.005291079,-0.007922804,-0.002687202,-0.005291079,-0.007922804,0.242608226,-0.182433216,-0.014732016,-0.002687202,-0.005291079,-0.007922804,-0.002687202,-0.005291079,-0.007922804,-0.258253874,-0.279512617,-0.058975245,0.263463694,0.044552597,-0.143752801,1,1,0.096373885,1,0.096373885,0.096373885,1,-0.312640946,-0.150187852,-0.312640946,-0.150187852,0.480384461,0.844736842,standing
-0.002687202,-0.005291079,-0.007922804,-0.279466626,-0.098992706,-0.240505587,-0.062784194,-0.065108984,-0.067759318,0,0,0,-0.002687202,-0.005291079,-0.007922804,-0.049561848,0.488145339,0.037394674,-0.002687202,-0.005291079,-0.007922804,-0.062784194,-0.065108984,-0.067759318,0.114707867,-0.052631579,0,0.114707867,0,0,0.688247202,1,0.052631579,0.688247202,0.076471911,0.052631579,1.368421053,standing
-0.002687202,-0.005291079,-0.007922804,-0.002687202,-0.005291079,-0.007922804,0.516198176,-0.401983541,0.343265846,-0.062784194,-0.065108984,-0.067759318,-0.002687202,-0.005291079,-0.007922804,-0.062784194,-0.065108984,-0.067759318,-0.002687202,-0.005291079,-0.007922804,-0.108106315,0.13892748,-0.063330195,1,0.187317162,-0.052631579,0.187317162,-0.052631579,-0.280975743,-0.052631579,1,-0.458831468,-0.052631579,0.114707867,-0.458831468,4.510526316,standing
-0.002687202,-0.005291079,-0.007922804,0.150967303,-0.000738434,-0.1527663,0.008681027,-0.137417105,-0.163600012,0.051991134,-0.021426449,0.057697268,-0.002687202,-0.005291079,-0.007922804,-0.076451897,-0.083460338,0.408696618,0.42500082,0.051688822,-0.225442398,0.099877451,-0.286458333,0.129289216,-0.207514339,-0.312640946,0.303802497,0.453033338,-0.254083903,-0.214537729,0.076471911,-0.148365559,-0.114707867,0.215570159,0.166666667,0.247271653,7,standing
-0.002687202,-0.005291079,-0.007922804,-0.002687202,-0.005291079,-0.007922804,-0.133647558,-0.092989986,-0.091980891,0,-0.5,0,-0.002687202,-0.005291079,-0.007922804,-0.062784194,-0.065108984,-0.067759318,-0.002687202,-0.005291079,-0.007922804,-0.062784194,-0.065108984,-0.067759318,1,0.076471911,0.512989176,0.076471911,0.512989176,0,0.052631579,1,-0.052631579,0.052631579,0.052631579,-0.052631579,2.026315789,standing
-0.002687202,-0.005291079,-0.007922804,-0.002687202,-0.005291079,-0.007922804,-0.37495517,-0.123586036,-0.341435617,0.531864478,0.28321813,-0.086819984,-0.002687202,-0.005291079,-0.007922804,0.33625731,0.479532164,0.002923977,0.519178247,-0.046573556,0.317581441,-0.002687202,-0.005291079,-0.007922804,1,0.350438322,0.188247705,0.350438322,0.188247705,-0.013773791,-0.229415734,-0.253628637,1,0.904534034,-0.229415734,-0.253628637,4.921052632,standing
-0.002687202,-0.005291079,-0.007922804,-0.147605159,-0.152042964,-0.108001199,0.307319224,0.385802469,-0.097442681,0.414221264,0.176548717,0.043074532,-0.002687202,-0.005291079,-0.007922804,-0.002687202,-0.005291079,-0.007922804,0.699098876,0.09274805,-0.112931199,-0.002687202,-0.005291079,-0.007922804,0.076471911,-0.114707867,0.175129097,0.166666667,-0.254456679,-0.678551144,1,-0.187317162,1,-0.187317162,1,-0.187317162,3.923684211,standing
-0.002687202,-0.005291079,-0.007922804,-0.002687202,-0.005291079,-0.007922804,0.654411765,-0.489130435,0.143542199,-0.002687202,-0.005291079,-0.007922804,-0.002687202,-0.005291079,-0.007922804,0.042103366,0.184587393,-0.192590512,-0.002687202,-0.005291079,-0.007922804,-0.002687202,-0.005291079,-0.007922804,1,0.114707867,1,0.114707867,1,0.114707867,0.187317162,1,1,0.187317162,0.187317162,1,3.247368421,standing
-0.002687202,-0.005291079,-0.007922804,-0.002687202,-0.005291079,-0.007922804,-0.002687202,-0.005291079,-0.007922804,-0.002687202,-0.005291079,-0.007922804,-0.002687202,-0.005291079,-0.007922804,-0.002687202,-0.005291079,-0.007922804,0.288214442,-0.091940917,0.077688126,-0.457201462,0.071977848,0.173645567,1,1,1,1,1,1,1,-0.150187852,0.207514339,-0.150187852,0.207514339,-0.285112401,0.781578947,standing
-0.002687202,-0.005291079,-0.007922804,0.730847191,-0.023098288,0.130447591,-0.401473106,-0.382972419,0.009315275,-0.01851692,-0.019332756,-0.020180814,-0.002687202,-0.005291079,-0.007922804,-0.002687202,-0.005291079,-0.007922804,-0.062784194,-0.065108984,-0.067759318,-0.002687202,-0.005291079,-0.007922804,-0.278616544,-0.473684211,-0.029867385,0.013267454,-0.308689784,0.029867385,1,0.052631579,1,0.052631579,1,0.052631579,4.392105263,standing
-0.002687202,-0.005291079,-0.007922804,-0.002687202,-0.005291079,-0.007922804,0.213874011,0.28859881,0.025618398,-0.340538199,-0.042220036,0.031143217,-0.002687202,-0.005291079,-0.007922804,-0.002687202,-0.005291079,-0.007922804,0.897749835,1.94E-16,-0.102250165,-0.231329088,0.297526844,-0.176283216,1,-0.168345125,-0.280975743,-0.168345125,-0.280975743,-0.042796049,1,0.168345125,0.150187852,0.168345125,0.150187852,-0.022875451,4.744736842,standing
-0.002687202,-0.005291079,-0.007922804,-0.062784194,-0.065108984,-0.067759318,-0.104487288,-0.154011262,0.406847725,0.265177852,0.090031371,-0.044691023,-0.002687202,-0.005291079,-0.007922804,-0.002687202,-0.005291079,-0.007922804,-0.281733376,-0.117228204,-0.307707402,-0.199211235,-0.20777222,-0.220950366,-0.052631579,-0.207514339,0.228070175,0.253628637,-0.122807018,-0.023057149,1,-0.114707867,-0.458831468,-0.114707867,-0.458831468,0.25,5.155263158,standing
-0.002687202,-0.005291079,-0.007922804,0.097967016,-0.090846586,-0.094172722,0.237299614,-0.181454303,0.206996584,-0.013480392,-0.260416667,-0.278186275,-0.002687202,-0.005291079,-0.007922804,-0.062784194,-0.065108984,-0.067759318,0.175168003,0.17458212,0.184070081,-0.002687202,-0.005291079,-0.007922804,0.350438322,-0.132453236,-0.114707867,0.125988158,-0.054554473,-0.288675135,0.052631579,-0.019458789,1,0.019458789,0.052631579,-0.019458789,4.113157895,standing
-0.002687202,-0.005291079,-0.007922804,-0.002687202,-0.005291079,-0.007922804,-0.055796581,-0.008826125,-0.008676163,0.199929278,0.261100948,-0.072538625,-0.002687202,-0.005291079,-0.007922804,-0.002687202,-0.005291079,-0.007922804,0.525671153,-0.030619226,0.250834315,-0.002687202,-0.005291079,-0.007922804,1,-0.052631579,-0.207514339,-0.052631579,-0.207514339,-0.207514339,1,0.47785956,1,0.47785956,1,0.47785956,1.971052632,standing
-0.002687202,-0.005291079,-0.007922804,-0.002687202,-0.005291079,-0.007922804,0.376392869,-0.014118596,-0.233996741,-0.002687202,-0.005291079,-0.007922804,-0.002687202,-0.005291079,-0.007922804,-0.062784194,-0.065108984,-0.067759318,0.515123063,-0.236600917,0.178839877,-0.002687202,-0.005291079,-0.007922804,1,-0.114707867,1,-0.114707867,1,-0.114707867,-0.052631579,0.187317162,1,0.187317162,-0.052631579,0.187317162,3.247368421,standing
-0.002687202,-0.005291079,-0.007922804,-0.062784194,-0.065108984,-0.067759318,-0.093529015,0.059676589,0.243540641,-0.48441247,-0.035971223,0.182254197,-0.002687202,-0.005291079,-0.007922804,0.652104568,-0.451627436,0.225021235,-0.002687202,-0.005291079,-0.007922804,-0.002687202,-0.005291079,-0.007922804,0.052631579,-0.260573895,0.229415734,0.260573895,0.229415734,-0.087370406,0.076471911,1,1,0.076471911,0.076471911,1,6.123684211,standing
-0.002687202,-0.005291079,-0.007922804,-0.059544573,-0.062001509,-0.014768453,-0.18292789,-0.132359653,0.198764683,-0.035511545,0.071756602,-0.3410671,-0.002687202,-0.005291079,-0.007922804,0.002262125,-0.065858015,-0.099300375,0.438488137,-0.102379095,0.184756793,-0.002687202,-0.005291079,-0.007922804,0.052631579,0.096373885,-0.187317162,-0.096373885,0.187317162,-0.22866478,0.280975743,0.458831468,1,0.102062073,0.280975743,0.458831468,3.021052632,standing
-0.002687202,-0.005291079,-0.007922804,-0.002687202,-0.005291079,-0.007922804,-0.188767536,-0.244410491,0.058135849,-0.072060677,0.235632373,-0.095807379,-0.002687202,-0.005291079,-0.007922804,-0.002687202,-0.005291079,-0.007922804,0.3888168,-0.149640084,0.048715277,-0.062784194,-0.065108984,-0.067759318,1,-0.253628637,0.546118681,-0.253628637,0.546118681,0.098513411,0.052631579,0.029867385,0.052631579,0.567480307,-0.052631579,-0.029867385,4.707894737,standing
-0.002687202,-0.005291079,-0.007922804,0.53225746,0.126288218,-0.080145641,0.319987463,0.226575013,-0.04620972,0.054380466,0.293328383,-0.08969942,-0.002687202,-0.005291079,-0.007922804,-0.062784194,-0.065108984,-0.067759318,0.299252878,0.416225801,0.040940857,-0.270399625,-0.026050712,0.028301674,-0.350438322,-0.114707867,0.207514339,0.327326835,0.285112401,0.075377836,0.052631579,-0.207514339,0.114707867,-0.253628637,-0.114707867,0.201007563,11.83947368,standing
-0.002687202,-0.005291079,-0.007922804,-0.002687202,-0.005291079,-0.007922804,-0.321030939,-0.008391942,-0.047854178,-0.166158389,-0.184982751,0.001874398,-0.002687202,-0.005291079,-0.007922804,-0.002687202,-0.005291079,-0.007922804,-0.362573099,-0.076023392,-0.140350877,-0.002687202,-0.005291079,-0.007922804,1,-0.072147911,-0.350438322,-0.072147911,-0.350438322,-0.251629956,1,-0.229415734,1,-0.229415734,1,-0.229415734,4.565789474,standing