-0.00268720180727744,-0.00529107896239157,-0.00792280390151828,-0.162841023727377,-0.0495103046325783,-0.0891568132010613,0.400100446939123,-0.335035024984747,0.183067479906156,0.921041854931832,-0.308186264984177,-0.0127560544758334,1.02230885276945,-0.195718203832745,-0.0162652360839738,0.852854849418787,-0.123044630346743,0.0858990217391468,0.931956334913614,-0.0183956793331324,-0.0696257170831623,0.385518663034676,-0.145328719723183,-0.0187366561142604,0.523790132613737,0.70047279691578,0.668641190128444,0.292903951453269,-0.09794245317786,0.634505121359356,0.969308049873629,0.759617470654267,-0.183506757380713,0.802692045962802,-0.0775151283334726,0.0147787701234037,317.242105263158,190.631205673759,downstairs
-0.055796581466281,-0.0088261253309797,-0.00867616261811352,0.822755125882579,-0.266628599525746,-0.0765122733848203,-0.0280348763200174,-0.0321176149010114,-0.0364736948854182,0.879486602686553,-0.0880604735156133,-0.159575897313448,0.984961811820176,-0.0862192680164211,-0.0626209822414912,0.932842203926194,-0.00551345157286792,-0.102233736725085,0.824835603881701,0.237899352012249,-0.267234839730437,0.984249730605769,0.0119587987801209,-0.197385946465116,-0.524749767832802,-0.0676510091491738,0.524682738746512,-0.141999405378735,-0.809294942372175,0.57222753078716,0.948556789504871,0.91181959206671,-0.944108034223363,0.904345722842833,-0.94311848428162,-0.879039094992306,673.715789473684,190.631205673759,downstairs
-0.00268720180727744,-0.00529107896239157,-0.00792280390151828,0.77766686081512,-0.136997421380416,0.0790600936840419,1.04368421671762,-0.190459356149682,-0.0205597184631227,1.37638704922467,-0.473424960431858,-0.0596117346002054,0.907757866465635,-0.00458731314141379,-0.0532776638474013,0.943432072511563,0.0141367800086946,-0.10464106169917,0.776155776505272,0.00480278108795462,-0.128039763871593,0.964482536767462,-0.204794839225599,-0.104178571619003,0.454407035333224,0.36531313552611,0.0469934147658905,0.915682157062657,0.414846124639937,0.563673252730857,0.951077289541727,-0.249097944118255,-0.712969243199398,-0.484084166596774,-0.688586305044875,0.322256605977558,891.407894736842,201.334244080146,downstairs
-0.00268720180727744,-0.00529107896239157,-0.00792280390151828,0.0640904079501613,-0.0969449776210639,-0.22400747859044,0.592197003725822,-0.333970489414927,0.138469497299087,0.751503093644336,-0.146621221173753,-0.0967669006835147,1.03324962883654,-0.118105651077706,-0.0588215931996786,0.671209926799952,0.153816873503556,-0.122618659395526,0.832121526310108,-0.045039453235723,-0.14215392164306,0.288039097808363,0.276202421201876,-0.041229194874564,0.688247201611685,0.850394946643516,0.742306737663237,0.429772247480203,0.217734776756004,0.932771376145247,0.857289603188186,0.00194967560419617,-0.263111715721375,-0.38361304800563,-0.434813670236813,0.669037409283609,288.697368421053,201.334244080146,downstairs
1.06777520777775,-0.75280745961506,0.320584196541797,0.642187979902419,-0.0834019117553964,-0.126330538616099,0.198798216373736,0.478147720708346,-0.207338372210889,-0.00268720180727744,-0.00529107896239157,-0.00792280390151828,0.684842894575801,-0.1400110148414,-0.126639539014602,0.737703871059265,-0.105503078581878,-0.0942586184629475,0.721304434970688,-0.035002481451779,-0.227499519482485,-0.0627841938298269,-0.0651089835599816,-0.0677593182079363,0.865313330420112,0.654486830369531,0.49935247112914,0.763107377739741,0.760604673536273,0.676927669624116,0.683656085129849,0.398318991834891,-0.011076296005915,0.684257074385768,0.0649091778123458,0.32992100205997,96.2763157894737,218.118181818182,downstairs
0.643801258061947,-0.387291981845688,0.170117047535632,0.78582762314798,-0.382147838214784,0.0249580579305885,0.711308056963583,-0.0666998564448845,-0.173654966865505,-0.00268720180727744,-0.00529107896239157,-0.00792280390151828,0.880294233293198,-0.0584011591284275,-0.0484144642457033,0.875773950713692,0.029520390717497,-0.0771277383291838,1.17510280286818,-0.197729336101271,-0.235296150696246,0.678246104718852,-0.213549969869071,0.262479798196243,0.729324957489473,0.919869776608743,0.823098779821587,0.740741111853243,0.512989176042577,0.729174169101689,0.926515309204722,0.723238637705653,0.224646158374195,0.600719855322671,0.461027195170003,-0.134276644687889,312.61052631579,218.118181818182,downstairs
0.652104567894283,-0.451627435522018,0.225021234560949,0.494852113401788,0.0470693066390428,-0.301527977095949,0.548850453184246,0.110632515923148,-0.0845100386311753,-0.00268720180727744,-0.00529107896239157,-0.00792280390151828,0.936660461685644,0.0721659598452328,-0.151381984040823,0.959787087108146,0.0126891814628768,-0.133695684870709,1.07828689307305,-0.211091830061125,-0.000479226504911623,1.05755779163945,-0.0939474872355294,-0.119646321246131,0.0268607654675127,0.492718899294406,-0.0764719112901873,0.459190253160683,0.665526479981882,0.781432930082171,0.971210927100641,0.978612728341624,-0.962474378253309,0.962400343912668,-0.953032880340674,-0.95774580908287,1519.62105263158,202.215507411631,downstairs
0.993893482344837,-0.158472847839396,-0.106766713407775,1.13745665495976,-0.0448991067509593,-0.271384630940676,1.13801966202438,-0.000204278717574891,-0.262666061590909,1.02854152016453,-0.169807136408214,-0.145428151432825,1.03512049582469,0.03943140554861,-0.352630908415208,1.08996794621825,0.0653100588708018,-0.286055400286229,1.00996793631386,-0.0102699242378638,-0.143399911910186,0.726927054653911,0.00251339460007556,-0.134959213703385,0.822577809338523,0.251387087496776,-0.247523055057081,0.679455398967776,0.133955377506427,0.585179583710094,0.808445152804247,0.848095863528832,0.701111442567211,0.978538923416171,0.54705766356686,0.679367774585361,19410.9526315789,202.215507411631,downstairs
0.716731989058868,-0.46657505213525,0.21867282696544,0.521704321397613,0.0774886936363542,-0.161722121805366,0.195159805127612,0.0957592614339237,0.181416878692689,-0.00268720180727744,-0.00529107896239157,-0.00792280390151828,0.936997744171035,-0.038447205294418,-0.0606849888798116,0.926830229435142,0.000595913032721246,-0.100541845701306,0.834893085870657,0.105301077374763,-0.186787130931511,0.902270998337379,-0.39321065197404,0.15668755542388,0.755010573524257,0.782276001840145,0.767966671284987,0.681279546964392,0.607570599325794,0.891808072079918,0.990285411401433,0.89584532367744,-0.758001226875764,0.920632682675438,-0.760195566934919,-0.749229048461995,5409.52631578947,224.554147465438,downstairs
0.97958021298653,-0.155842364298936,-0.18426468051429,0.601121814034553,-0.281623964603878,0.173074928001507,-0.157957344954561,0.308507150697912,0.309392979280094,-0.00268720180727744,-0.00529107896239157,-0.00792280390151828,0.838639374048998,0.067927788376073,-0.143466483928022,0.928971395358528,-0.0238005702086564,-0.099004097384763,1.06393675040366,0.0107295458311101,-0.22742233094151,0.726736770616262,0.065130140578282,0.0232625506560935,0.348324845412576,0.671748282521912,0.510866243947564,0.197599198941487,0.501399972379209,0.831023647481597,0.950037145828397,0.637747212017629,-0.749674258175956,0.830224595023373,-0.89919220277874,-0.924502023542888,1260.92894736842,224.554147465438,downstairs
1.12025713171384,-0.807332293291731,0.343471417428125,-0.0155235620756623,0.101514003038844,-0.0083605492690637,0.773735402012587,-0.101302460202605,0.00629354154747096,-0.00268720180727744,-0.00529107896239157,-0.00792280390151828,0.851519728148008,-0.298707088720463,0.150226816868472,0.867664274959893,-0.0100396502627774,-0.030083746951245,0.895765860903324,0.00481045020322896,-0.157603879694912,-0.000507092662453679,-0.00101112286215177,-0.00151617439807427,0.389931767910401,0.844111754942642,0.359937016532678,0.593753548637719,0.988304093567252,0.580845862797769,0.827542649973476,0.463994288602168,-0.457238225954143,0.758217452963847,-0.482854292714458,-0.510901565354603,361.884210526316,211.492682926829,downstairs
0.324681479849071,0.219663418954827,-0.18409044997549,-0.0503586971240545,0.115313208490118,0.132218599197318,0.435303024156999,0.368688457881571,-0.248866959152797,-0.00268720180727744,-0.00529107896239157,-0.00792280390151828,1.0584410697557,-0.243785833259154,-0.00782712151248966,0.877769958680421,0.00817200747140573,-0.0812902050789242,1.15024935943387,-0.0938663995726329,-0.224952247764563,1.06432861103617,0.0482784657114702,-0.351418261664339,0.881586874036798,0.930581012618726,0.903584106498598,0.807370278915938,0.934575343496531,0.740789136245637,0.984064497943874,0.96582309018752,-0.742653840582603,0.962777775167094,-0.701951067614785,-0.803077427237568,733.286842105263,211.492682926829,downstairs
0.954597778585079,-0.103734108757768,-0.142389440299364,1.10893668401133,-0.0203810890915511,-0.29926461157923,1.16437910641977,-0.0530972858395122,-0.243822056734084,0.826081704636049,0.120926243567753,-0.188002802406204,0.668405267961925,0.379775720432911,-0.331594732038075,1.01369282267147,0.101296146896891,-0.257279044558397,0.936199474438159,0.140957617462135,-0.233284292427249,0.925650167785235,0.0167785234899323,-0.293099832214765,0.778988976401254,0.0535439072293936,-0.342889521322613,0.550459940103203,0.0924594625976456,0.642057240062511,0.731922148733916,0.795993646880292,0.566441184037021,0.967347842547328,0.578284696733348,0.71476041194937,13972.2052631579,220.897354497354,downstairs
1.34215878550156,-1.01227573182247,0.393440836783612,0.370526004667455,0.0338826653713398,-0.258594874453424,0.348775846131095,0.0322400335518565,0.19544812919765,-0.00268720180727744,-0.00529107896239157,-0.00792280390151828,1.08375468518569,-0.127300719410178,-0.139125928914366,1.01193583088513,-0.144535283854464,-0.0449744999275376,1.17612957992019,-0.15030581498018,-0.149289137515405,0.593272799318172,0.181884664682878,0.0174280832865405,0.0291111254869791,0.326939371777661,-0.102597835208515,0.678127081839819,0.866154152079773,0.828099522286494,0.984268941618876,0.925202544886462,-0.870507752984055,0.928162255385985,-0.896488258578129,-0.911151672768783,652.263157894737,220.897354497354,downstairs
1.16768029339692,-0.844435831568883,0.348357065713559,0.524135256567821,-0.131860498204756,0.0642334562404885,0.420660562456354,0.171949487563016,0.0323806869657601,-0.00268720180727744,-0.00529107896239157,-0.00792280390151828,0.864391489977431,0.145460915475744,-0.193200133059218,0.833184268680042,0.0587368320656669,-0.106005848818031,0.944127402743485,0.00419660974834569,-0.0960443734453222,0.715995387657429,0.0260241256055578,-0.0934053553566234,0.87286176628547,0.803296368504505,0.567157345805991,0.892749438303653,0.841069477090093,0.797810331630009,0.98414223712209,0.910343473102888,-0.713087308359948,0.857102400365192,-0.692234754575122,-0.824664615450931,1308.91842105263,232.497619047619,downstairs
0.753729823661728,-0.248662225440745,0.0804133326781933,0.387712382246449,-0.0200333928760569,-0.178933425012625,0.642769741344829,0.151314975729807,-0.117417429643668,-0.00268720180727744,-0.00529107896239157,-0.00792280390151828,0.687272033503724,0.0651742649624312,-0.11760331888144,0.855283971636106,0.0323859662027704,-0.0882262753423495,0.889655008753108,0.0734151440358317,-0.246002787240658,0.909948737006875,-0.341757942618312,0.0508568112631929,0.804359433597502,0.849053975988716,0.711934793918882,0.547830926331262,0.884670812689685,0.587354004264724,0.889296207592904,0.778453850279839,-0.833523824680892,0.843777692329413,-0.684079372322294,-0.604090875026757,393.871052631579,232.497619047619,downstairs
0.819672131147541,-0.0434782608695653,-0.136849607982894,0.4849569866042,-0.243810656214353,0.0740465754214824,0.616590692609944,0.18605705083484,-0.137847961219224,-0.00268720180727744,-0.00529107896239157,-0.00792280390151828,0.80589690961968,0.113914515083245,-0.151368047645277,0.797857536247887,0.124772411625618,-0.11725580336684,0.815954065409826,0.222182662837509,-0.211072961617201,0.936199086887741,-0.108413359458232,-0.101359598558269,0.748228280570549,0.946430696456522,0.559717078549556,0.756878855282492,0.885537232819584,0.665071770334928,0.97424745322261,0.944213811901936,-0.755109088662678,0.958813535199878,-0.802789772718602,-0.718724926860625,1395.74736842105,240.498220640569,downstairs
1.0959446306038,-0.542253144812148,0.164576039566253,0.523291360913581,-0.0538503303623714,-0.0500015297977226,0.527805971013456,0.172114173008718,0.00499307858984815,-0.00268720180727744,-0.00529107896239157,-0.00792280390151828,0.83402096287237,0.152533060569992,-0.185812796912033,0.962450726659605,0.034008162815895,-0.154651360357792,1.03442462052833,0.0322203863964599,-0.213366986165999,0.56978314114354,0.331841760047417,-0.148654642689339,0.871433308521162,0.874433591825948,0.563594740081403,0.817257173432413,0.862799775565517,0.693676937980955,0.977334195707539,0.921530267103128,-0.839862372228838,0.935214372590497,-0.819090270984932,-0.844812839171443,3825.56315789474,240.498220640569,downstairs
0.643801258061947,-0.387291981845688,0.170117047535632,0.603120115852227,-0.141101117182628,-0.0799784756970687,0.180305923333358,0.120488798517719,0.226350422715311,-0.00268720180727744,-0.00529107896239157,-0.00792280390151828,1.00810728845797,0.0533115299874619,-0.204869792303913,0.941460862228633,0.00950990396464049,-0.111671186161771,0.894955794680196,0.0451055079267211,-0.138790609391501,1.01213998304253,-0.353634410887257,0.151458868491448,0.698922935414402,0.844510262162323,0.823098779821587,0.565301278120408,0.622699849077239,0.907823053045719,0.984942542448945,0.938981179329332,-0.916519460916286,0.960220683691814,-0.916462812467298,-0.862150680384761,3982.70789473684,225.848691695108,downstairs
0.200643474882671,0.0955789018227897,0.340109350253591,0.34734524308615,-0.0821699228223982,0.276190577555685,0.224415482948642,-0.0104760084113936,0.180937222079077,-0.00268720180727744,-0.00529107896239157,-0.00792280390151828,0.699494349728724,0.0932440366155962,-0.090517001009074,0.933422648829528,-0.073531615116202,-0.0456374231810838,1.1157252406482,-0.117713345165644,-0.150979176112843,0.952648587923449,0.0506010759821772,-0.16732741687559,0.843698912340769,0.770324364714261,0.708796405533781,0.928498035913042,0.863991660021584,0.895927805629584,0.939718897066057,0.608382277930269,-0.834858181286905,0.792568826538451,-0.943187432134452,-0.904973388459616,1290.00263157895,225.848691695108,downstairs
0.505097141602944,0.28052895827046,0.0153012232355971,0.866869037294016,-1.38777878078145e-17,-0.133130962705985,0.556277056277056,0.246753246753247,-0.261904761904762,1.03160525177079,-0.174994513731313,-0.0442270961980598,0.587399758171062,0.0927458197920708,0.0220633217277733,0.855657486317148,0.120090902963401,-0.161544348545237,0.902120238957514,-0.0459740017783402,-0.0585311557752257,0.962356368105326,0.0465792054057513,-0.163234014032931,0.485453323278678,-0.341235323997583,-0.689754895970808,-0.866614902415809,-0.878369809677842,0.664185196027166,0.90511200939175,0.941423621800538,-0.793773113354465,0.982003691689607,-0.948656346911548,-0.916897183560985,612.907894736842,200.574585635359,upstairs
-0.0627841938298268,-0.0651089835599816,-0.0677593182079363,0.489237672842718,0.155263780532476,-0.127720304100384,0.978726186246886,-0.529087798431063,0.290052004819081,1.01076574000658,-0.14286409396398,-0.116462020631854,0.873937656456882,0.0599423438337296,-0.145604380163195,1.03689380895888,-0.01668481687261,-0.155539526180443,1.06179214268373,0.00187999031819572,-0.200770863273192,0.76803594315604,0.111108335731101,-0.0816822785095827,-0.260273603294995,-0.0564782494724905,-0.0443517455935893,0.732646428921995,0.443173424670114,0.703879415561222,0.92893107691757,0.891239806981306,-0.812308868103621,0.990469368239077,-0.922507693365043,-0.933113950364338,1317.71315789474,200.574585635359,upstairs
0.673050615595075,0.177589852008457,-0.0916552667578659,0.486392923755158,0.0407882590101546,-0.193094255732022,0.37450965462554,0.11113905497833,0.0424733381534264,1.00172871483528,-0.22539716849331,-0.0118439698417532,-0.00268720180727744,-0.00529107896239157,-0.00792280390151828,0.705939332624602,0.225836418307271,-0.160574778740768,0.957075503802139,-0.0910989968043142,-0.0692154937221247,1.0494173877932,-0.107085438677076,-0.107840676722926,-0.232008084333655,-0.226018222415922,-0.808605710640025,0.417506798274596,0.513075981858173,0.626420134365379,0.587021962675522,0.509221907239804,-0.414088634806112,0.987426063397379,-0.948442650052218,-0.944404883485188,592.776315789474,190.350574712644,upstairs
0.698656398492545,0.012387350483369,0.00453875143372103,0.808311192313379,-0.358986292983802,0.0234826000449622,0.571923842004537,0.0437432484696531,-0.113940032341013,1.01338230787072,-0.231576826249777,-0.0637530682526992,-0.00268720180727744,-0.00529107896239157,-0.00792280390151828,0.757914000007255,-0.00668083167188511,-0.00890038066603494,0.882484561254274,-0.00104495049711727,-0.0777493753490653,0.985657059160875,-0.0108663437540203,-0.152130885723948,0.0950597828841601,-0.336958143662265,-0.681949123037672,0.6440400174693,0.277990341015028,0.717977282641799,0.631094542122094,0.483562423255145,-0.397238134619461,0.967592765926814,-0.935004030798215,-0.982301401577383,531.286842105263,190.350574712644,upstairs
0.821100917431193,-3.33066907387547e-16,-0.178899082568807,0.416957301758163,0.310010764262648,-0.343042698241837,0.783444937879795,-0.238553340606301,-0.0272546505975712,1.11072959498558,-0.40658548591796,0.116952714566283,0.336548541601972,0.364526762776289,-0.130215519756683,0.88863934914584,-0.105649182190019,0.0130987436677047,0.909807239840766,-0.00321085046743022,-0.100466247476792,1.01595093901327,0.0128294266688423,-0.171342878162424,-0.15242624470827,-0.308619813987716,-0.434512916939822,0.782335599599385,0.541701271624759,0.47769646379128,0.823305375198196,0.773691321372913,-0.639200538407432,0.984290543012866,-0.922265182804985,-0.956630920586936,649.434210526316,196.121444201313,upstairs
0.718183221684648,0.102223869281744,-0.0881434406781669,0.69161545215101,0.0839552238805969,-0.131913959613696,0.765859715530578,0.170254182124326,-0.193993662022223,1.03071102550929,-0.128285689874519,-0.201081093558658,-0.00268720180727744,-0.00529107896239157,-0.00792280390151828,0.836949513261831,-0.0870078034598643,0.000969754057503749,0.911395268341982,-0.0513816745976273,-0.0786861146851722,0.928348192084114,0.0130381602392333,-0.11977375992312,-0.124826749743489,-0.532947383905987,-0.695258556382353,0.778009291339849,0.577270760786138,0.786930536267572,0.598986047129063,0.497364370508485,-0.358177391161112,0.970150079606503,-0.894564917662284,-0.964607050335288,886.689473684211,196.121444201313,upstairs
-0.00268720180727744,-0.00529107896239157,-0.00792280390151828,0.866791295177836,-0.179994098554147,0.0467853937319814,0.531541691247633,0.0749909866602573,0.0496764062735401,1.05857505294432,-0.245238813226771,0.00520340150226247,0.860215006591222,-0.0294490221662145,-0.0522682801475653,1.03574509144684,0.0187669178137224,-0.220726672671099,1.02167645286936,0.079324796012274,-0.254378832898292,0.884804097720438,0.0500265782422513,-0.133118739747726,0.235639417231407,0.674837002182494,0.369835726131555,-0.0197473579116927,-0.552472142240535,0.680908497905671,0.960292023562667,0.852704095936007,-0.855009766370265,0.940613951346327,-0.907950746646738,-0.944645608905709,675.531578947368,181.277734067663,upstairs
-0.00268720180727744,-0.00529107896239157,-0.00792280390151828,0.428295368386353,0.359690126916103,-0.0597046316136476,0.592691317333168,0.213412780446282,-0.27957145638946,1.14611886099526,-0.436775479156913,0.130738189372599,0.583915220671222,0.0587422330841309,-0.0719165192905372,0.922625653030776,-0.0697481000837425,-0.0410354871009521,0.921478119014292,-0.0188716324175791,-0.0845239027193438,1.01234643270316,-0.11779541777174,-0.0538005080008365,0.208732335468988,0.744161100640912,0.366673058771018,0.160978865756567,-0.592449388791255,0.61423071492349,0.830793817821798,0.772607964594153,-0.643618797876995,0.978983380415456,-0.939917262223762,-0.977472096612344,672.226315789474,181.277734067663,upstairs
-0.00268720180727744,-0.00529107896239157,-0.00792280390151828,0.0620304168140279,0.154133484135982,-0.00853756941660893,0.306687810837787,0.200338699590328,0.0669217289664419,0.977714771797926,-0.185350596465997,0.00399811580388972,1.01986219622648,-0.568228950642887,0.142311175818316,0.997392714933414,-0.0299446145734171,-0.133832559716123,1.15450362665531,-0.107711267990469,-0.180245056373759,1.05396330716099,0.007903802202362,-0.197075215297996,0.524749767832802,0.713050428514538,0.415337860347209,0.49110212394611,0.275492589892175,0.681319560375517,0.699404169109552,0.528714990466104,-0.422050012591722,0.970523600603111,-0.884054417661192,-0.941940641342768,2366.17631578947,195.642066420664,upstairs
1.00227795837869,0.0575187726485717,-0.280563493768999,1.0745156311752,0.0472753279589472,-0.358127356215979,0.958982597033002,-0.0224343951008189,-0.121495928929528,0.829572764413284,0.00893082770697091,-0.112897624757613,-0.00268720180727744,-0.00529107896239157,-0.00792280390151828,0.892024189607313,0.0495733150951192,-0.146194846495641,0.955521590574042,0.161644081412647,-0.284251863015903,0.964701002188996,-0.0478551933093371,-0.100221187127947,0.571301646275963,0.140016139397367,-0.737925707430175,0.857466006180457,-0.182473258789002,0.19166112786639,0.466595256208659,0.373796896623227,0.437618196895683,0.965659540033274,0.945115193085069,0.978402163262396,5483.44736842105,195.642066420664,upstairs
-0.00268720180727744,-0.00529107896239157,-0.00792280390151828,0.557466987252881,0.182619647355164,-0.404654224868331,0.523266198093358,0.0926984614082157,0.0757180913273736,1.08463421023467,-0.404869765755621,0.10823733443002,0.741573033707865,-0.494505494505494,0.23607852821336,0.890732640174234,-0.0251084120415583,-0.0534392427558964,0.987345134131679,-0.0524346611821043,-0.100962355540836,0.986954170238806,0.059686781342414,-0.189020233484288,0.458831467741124,0.411291088028551,0.348858130034109,-0.115662986393248,-0.522919589695262,0.802598286635366,0.666271464387188,0.601728317864923,-0.475247253527711,0.985136144213583,-0.942053963473173,-0.978125765883298,934.502631578947,178.074468085106,upstairs
-0.00268720180727744,-0.00529107896239157,-0.00792280390151828,0.393349067129105,0.22300991861648,-0.0367027463423976,0.685074882921423,-0.0286902499482751,-0.165768178038369,1.02730763287209,-0.235174707528128,-0.0188142327898605,-0.00268720180727744,-0.00529107896239157,-0.00792280390151828,0.860732667870997,0.0309842162785938,-0.0833896064124004,0.948049847409897,-0.0606677889558523,-0.0791685289274214,0.992656643204647,0.0289981038027968,-0.162883070343046,0.401477534273483,0.681195302448026,0.342568893569674,0.431021828349518,-0.371276961214059,0.432183761522644,0.507110015570843,0.475125391504432,-0.31859416027654,0.995844121808157,-0.927146063773069,-0.93350657860576,1488.37894736842,178.074468085106,upstairs
-0.0627841938298269,-0.0651089835599817,-0.0677593182079363,0.615208877284595,0.221932114882506,-0.134791122715405,0.398271738401801,0.0956565702992141,-0.0149774729546656,0.971419631976407,-0.170918883370118,0.0309434415002168,0.98981081207498,-0.00478112167007888,-0.200665378401209,0.948465086072501,-0.125222153277237,-0.0425705955488294,1.03131232283702,-0.100696912342625,-0.0801906713949477,0.867056893330752,-0.0475131551726813,0.0078935228405211,-0.170996392014192,-0.104956714281198,0.0224362175546061,-0.250064591139174,-0.741086283399358,0.671127027497433,0.98354417704309,0.816340546870351,-0.69441400794322,0.830220571202675,-0.725928237717814,-0.969958073255838,1045.66052631579,182.80070754717,upstairs
-0.00268720180727744,-0.00529107896239157,-0.00792280390151828,1.15262162828748,-0.284811495730468,-0.0334704383138943,0.594484931269795,-0.195273460831592,0.14381534941683,1.11651786307361,-0.351434041302631,0.0414252657830344,-0.00268720180727744,-0.00529107896239157,-0.00792280390151828,0.814613853351271,0.0727558849706023,-0.0930197437124496,0.882571175699968,0.0769857801056064,-0.134799716318811,0.984021173400668,0.14802543902664,-0.285408878412803,0.012460152291404,0.723785254830659,0.369011737598483,-0.171351015527791,-0.751901135501009,0.628582199372805,0.533163904456882,0.427977427691961,-0.359120859368938,0.961600804721896,-0.952987994758634,-0.982269950176001,974.284210526316,182.80070754717,upstairs
-0.0627841938298269,-0.0651089835599817,-0.0677593182079364,0.580871387445616,0.20873462437884,-0.142994490266416,0.741573033707865,-0.494505494505494,0.23607852821336,1.03555307222476,-0.275242066537892,0.0473913474576904,0.809861627766504,-0.235255838439378,0.000198377400471938,0.963420488523168,-0.0949082304551861,-0.0540367357412662,0.907119649197478,0.0488239742226497,-0.131456018458309,1.02345198615205,0.0455079910225671,-0.230013770107001,-0.384756179123483,-0.0764719112901873,0.146672104965636,0.212048808387621,-0.68089113220583,0.500448451785595,0.7884346064525,0.766306786485632,-0.661860882372833,0.982906758297818,-0.952315414005251,-0.960607124598487,670.773684210526,203.99520383693,upstairs
-0.00268720180727744,-0.00529107896239157,-0.00792280390151828,0.474274698018363,0.105543931642486,0.0968267491418427,0.907910805739844,-0.245053168161942,0.0102041566720336,0.810156119155331,-0.109222683951461,-0.0888724818949512,-0.00268720180727744,-0.00529107896239157,-0.00792280390151828,0.91158265581118,0.0188688224217339,-0.141793534888459,0.910293364272861,0.0644147730761642,-0.146365893556281,1.02363960562189,-0.0683824785288064,-0.100520785178028,0.477481393457349,0.571031726563342,0.420669710075811,0.858695802138473,0.614876272562526,0.690159856025804,0.489288110384358,0.417380466721025,-0.306855585195177,0.97552882450314,-0.924667794424168,-0.977778172219136,964.271052631579,203.99520383693,upstairs
-0.00268720180727744,-0.00529107896239157,-0.00792280390151828,0.134832716646561,0.143929333416819,0.133034155495482,0.514251119931432,0.135756710366571,-0.0157602050968802,1.12152581671283,-0.331086826829435,0.0271637140582997,-0.00268720180727744,-0.00529107896239157,-0.00792280390151828,0.865043174165879,-0.0316148144010991,-0.0560953943668226,0.914502100969915,-0.0939079742001059,-0.06929197276705,1.0178418667345,0.0210976642323581,-0.230495692825376,0.303802497166359,0.770009301662368,0.363305118159425,-0.0616366071269124,-0.22644601845482,0.758350125605795,0.552883316734825,0.562741588381357,-0.425343010202371,0.981169617938526,-0.968097187844595,-0.965654513037106,465.260526315789,190.173363949483,upstairs
-0.00268720180727744,-0.00529107896239157,-0.00792280390151828,0.494477627776894,0.10785814680448,0.0643048113359784,0.503529095776533,-0.0908802705273169,-0.0381375708901335,0.958077991412924,-0.108540054293946,-0.0746282541717335,-0.00268720180727744,-0.00529107896239157,-0.00792280390151828,0.88473343897046,-0.0137614864213701,-0.0930467184424001,0.817412530540581,-0.0324543077170568,-0.020445689670581,0.958657110172953,0.0711802937740421,-0.183555496354579,0.129627241638297,0.881269943737762,0.419600076370754,0.125565840733443,-0.499521867004506,0.547966483447601,0.540188566598221,0.541742227420436,-0.366711421671884,0.977534491670796,-0.940643993664346,-0.929423673827364,379.292105263158,190.173363949483,upstairs
1.26862196778236,-0.194430030904534,-0.226907547163926,1.0609501486267,-0.0184836985409444,-0.307206216862886,1.08450853767591,0.0717099531476248,-0.365414420721628,0.936312770225032,-0.0622496340424262,-0.112629910318315,-0.00268720180727744,-0.00529107896239157,-0.00792280390151828,0.97219844078199,0.0202596765716486,-0.134660764994184,0.940788122357988,-0.0281352483295815,-0.0631970411342592,0.945478958129685,0.0184660476447611,-0.147262837119617,0.675017648212993,-0.198553208707093,-0.744687890593322,0.582660670974967,-0.548284700048608,0.0595351306937443,0.344847680950738,0.400239241641117,0.429312516195691,0.974079960233957,0.921957479114797,0.953902040004986,7165.76578947368,196.808536585366,upstairs
0.741573033707865,-0.494505494505494,0.23607852821336,0.7286050999677,-0.203070119140693,-0.0240996913769676,0.66489843121652,0.167990726619108,-0.274984498699632,0.978372535046445,-0.153609349508362,-0.0907873522189417,0.741573033707865,-0.494505494505494,0.23607852821336,0.995440894935087,-0.129479243220146,-0.0335143590967629,0.883015903715591,0.0453021790011279,-0.131256089723069,1.00682397261824,0.00350423824743426,-0.153498980092256,0.724407157325911,0.794341020252236,0.490771198744382,0.674278943286671,-0.0698743626020446,0.530965247353243,0.643289675106052,0.649246734795368,-0.417129247422257,0.986503951793879,-0.917824180291174,-0.926019570798607,1874.52368421053,196.808536585366,upstairs
0.637017367071495,-0.225090073576055,0.0553478481515488,0.744241473653354,-0.0840367112589181,0.0554044452597328,0.525859759734889,-0.0375517540199634,-0.147164763425874,0.770601688815273,-0.062989188316925,-0.0633578793473014,0.909466287163987,-0.0145123027518329,-0.103496936733434,1.03269023301133,-0.0208696765207957,-0.148993928366572,0.974315438393996,-0.123615503990351,-0.0353461235327512,0.985659410458362,-0.38280786833963,0.126367804441864,0.682763777088239,-0.0261746823353494,-0.703800904019801,-0.202744831617105,-0.916999538803774,-0.0645266861441856,0.827770137102987,-0.955299617339865,-0.466759046259156,-0.71864029803112,-0.762271919838587,0.253723323425059,4762.85263157895,208.324284666178,walking
0.726260332869185,-0.106946455389303,-0.110580913663691,-0.00268720180727742,-0.00529107896239154,-0.00792280390151826,0.223897441665385,0.305276883506904,0.0530006565554023,0.70190459546819,0.0102403529227085,-0.0825417274396712,0.860658665943068,0.0260207404539023,-0.108391179969819,1.12361977231728,-0.0995739627228009,-0.15733859041624,0.980160459781071,-0.080879237856933,-0.157066631978199,0.715415962463237,0.215369453586009,-0.144254568348233,-0.526906094839274,0.217049191332697,-0.870488275076755,0.207514339159822,0.718241598655232,-0.132852840699839,0.763585259844734,-0.902233136293384,-0.583210037715928,-0.47273439974715,-0.876121341230337,0.231780686564592,6321.61578947369,208.324284666178,walking
0.926454420934903,-0.302304139555356,-0.0540397273095704,0.433586535327563,0.176343570057582,-0.283394596747909,0.469788464686517,0.23372560432165,-0.530211535313484,0.604623288723022,0.0762892633802922,-0.10629919686314,0.940929864798194,-0.0261903179843124,-0.10560859514921,1.00870047819073,0.0194866311705691,-0.187294638434365,0.90146135620466,0.0714884381177432,-0.234763818648544,0.831975061114512,-0.126992446012124,0.0500705048631629,0.114152915122164,-0.0435503556309342,-0.853266522730951,0.367883603690979,-0.109107012464045,0.204693479398325,0.645861139773701,-0.862494186834478,-0.494675398820185,-0.206424767138496,-0.829928150907197,0.0861184311513933,4269.08684210526,208.324284666178,walking
0.585083775533912,-0.113393736997701,0.149108165777815,0.201162439176193,0.196460076291594,0.0183228068983591,0.242608225852714,-0.182433215971419,-0.0147320159434864,0.752331775664809,-0.199930645398294,0.0543682336008929,0.925219098607991,-0.062458753742317,-0.0708201752467136,1.11720664341989,-0.125121285769575,-0.129323988659058,0.944384310790985,0.00446079091879284,-0.234024004353771,0.533945826239619,0.307171752779157,-0.29496777512907,-0.522671017649961,-0.462169161401452,-0.808310531514166,0.35479481306431,0.449367966020051,0.381363982635897,0.811386431759131,-0.750907533227271,-0.403719050148349,-0.288067546108013,-0.665273151666905,-0.126024321797801,5315.04473684211,208.324284666178,walking
0.819980282487679,-0.181248133252759,-0.152334224710549,0.980921522016143,-0.163210865923834,-0.190164876615165,0.549709554550086,0.123823186663454,-0.0859917204954511,0.640439361477991,0.0429713444731674,-0.0841771469223017,0.886557989757582,-0.0524273122737828,-0.0421724915926126,1.05770363739098,-0.0453488995114397,-0.159062791366417,0.891993480051771,0.117975971959266,-0.291495844435057,0.904155732449105,0.133086783777706,-0.334376377642638,-0.934328766110917,-0.724783246784135,-0.880329954334315,0.858786161487806,0.946671200004212,0.814770343344922,0.780156098927423,-0.878387549692225,-0.471263403675619,-0.430759568254994,-0.774617829827343,0.0564576181477939,6025.28421052632,208.324284666178,walking
0.885408802511104,-0.730651315094261,0.221706745812939,0.246903653384547,-0.122151939585619,0.331809313761906,0.0896784535922231,0.236557587652886,0.0952650457709941,0.807243682519176,-0.0995901268701348,-0.144291551211063,0.938978846941364,0.00342083532657214,-0.117325631003323,1.06301267138312,-0.0396883698124262,-0.165395010901968,0.84467236267003,0.0782041507962072,-0.137773441756994,0.629618892168107,0.294391872390087,-0.293511785679551,-0.020344711469279,0.258456421459837,-0.515573881686059,-0.11825404121991,0.0417945541059616,0.290991453654271,0.928805935749321,-0.941342176126668,-0.494416395590024,-0.76966335725762,-0.680115047612302,0.215161649944259,7850.87631578947,208.324284666178,walking
0.928029638028779,-0.372029413279445,-0.112876592304764,0.792346162209176,0.019786910197869,-0.0647966949336812,0.640183858663276,0.678005543551157,-0.579377019580236,0.704712694388038,0.0524413456180175,-0.142013200420511,0.911479686819527,-0.0919758228909395,-0.0520273685492839,1.13396587726427,-0.0906769849758323,-0.178951958657603,0.848772557358377,0.139843336807635,-0.291913065527422,0.836421625594968,-0.324296617396226,0.248884204594859,0.48538860126793,-0.178472267232497,-0.763761724057877,-0.768805211034607,-0.768807700165937,0.5894216988791,0.807323289305934,-0.81517581575801,-0.47939116002615,-0.384455296959449,-0.771214901578507,-0.0283614681736069,4963.31842105263,215.092386655261,walking
0.965299002720889,-0.462821707975881,0.168390848734833,0.38723748972667,0.0536584135442552,0.0724512970424865,0.267857142857143,-0.0714285714285714,0.0178571428571429,0.727208636392531,-0.0484467711163538,-0.0756583698803614,0.90259416881059,-0.00925502708427799,-0.112971900746877,1.09981698155696,-0.0762826696941625,-0.155703994338504,0.955192652015506,-0.017468914899506,-0.263420578572223,0.63158562974154,0.0388221885510008,-0.0401648584108692,0.496343842207528,-0.605474011006313,-0.817736486811708,-0.416827510782546,-0.559068402972822,0.69944898187841,0.77093655411214,-0.720361010059623,-0.428383109144069,-0.155861610877381,-0.750937107712945,-0.162539510184548,5619.34210526316,215.092386655261,walking
0.346970902364668,-0.0279427409716247,-0.265198940497251,0.599160711120504,-0.329897176146319,-0.0946728378230065,0.740654205607477,-0.163316582914573,-0.0960292114779505,0.638215841487109,0.0276483169932266,-0.0968253272890752,0.987380693569028,-0.0851982907323439,-0.102802160952559,1.01806490093445,-0.00260909828488029,-0.181215696722879,0.945190883721996,-0.0196619952385573,-0.118588091706162,0.741573033707865,-0.494505494505495,0.23607852821336,-0.704687299862783,-0.249517156569826,-0.246118975623396,0.0135011915327315,0.00567623408823641,0.899310773420073,0.547595817911366,-0.94441956860221,-0.259603447576887,-0.353796423126909,-0.579758414236861,0.0531439936796564,4295.50263157895,215.092386655261,walking
0.0866225209114264,0.0797582908528553,0.105141039429945,0.571217361985551,-0.116433075691383,-0.0874171761670598,0.430256077054633,-0.191110985370331,0.060602767734507,0.482021506353049,0.0827528280168381,-0.115013604925858,0.867450103269245,-0.0226757745260338,-0.0750049392428567,1.01039102377998,0.0334981502412741,-0.19825370664693,0.927060191114957,-0.0732971351262466,-0.101101534043155,0.629618892168107,0.294391872390087,-0.293511785679551,0.265365979948147,0.0900983171199315,-0.559656975001031,0.417704787036483,0.293385223642295,0.644244262159637,0.810101777754718,-0.856514278774598,-0.385463134632501,-0.45090558430775,-0.736171592075922,-0.0260565159415852,4773.03157894737,215.092386655261,walking
0.854987859109343,0.0781400643158813,-0.299016247666838,0.80609597924773,0.200803212851405,-0.394707233603676,0.741573033707865,-0.494505494505494,0.23607852821336,0.731985043682405,-0.0522960108046439,-0.100191354847607,0.925857773011509,-0.0547267082567248,-0.0883196674505922,1.10450429867515,-0.0397299688263819,-0.199238920335304,0.976875709121921,-0.165780826433623,-0.0732989499545872,0.885751872043899,-0.380673119992767,0.249866809530189,0.740148044414805,-0.666666666666667,-0.825499301010056,-0.326732019606536,-0.44913236272008,0.899442703890546,0.773489583059446,-0.885511764452321,-0.44481369090928,-0.429553275291212,-0.769516244938787,0.0968358574404309,5187.42105263158,215.092386655261,walking
0.506282885327228,-0.214152182524515,0.102741412820238,0.131045540603198,-0.116738476316609,0.0971685017073382,0.868131868131868,-0.172413793103449,0.0405456612353168,0.827387799135246,-0.0927018599199675,-0.0635229377830958,0.858024606809313,0.0358649809375122,-0.118329738015431,1.11888765116573,-0.0247535777510713,-0.221559008621263,0.870262567052533,0.0357992354595205,-0.240870813738256,0.983148408221106,-0.377591496241967,0.184402119867428,0.243807854792885,0.190940653956493,-0.614692368044814,0.193108040673886,-0.157238749107612,-0.0165051228848263,0.687643123210848,-0.733341457868707,-0.53175725731067,-0.0406292101355645,-0.865545599753935,-0.0931586824512735,3595.60526315789,197.235685071575,walking
0.59515161767684,0.0222854517275718,0.0302443423558703,0.350767751556466,0.0148175793554055,0.174079499937595,0.420446256260681,-0.320250544712079,0.0931997401626509,0.674736499194783,0.00635433763182775,-0.014305320649294,0.905408124184666,-0.0727341855637296,-0.0442080083060466,1.11329347166287,-0.0518702876154948,-0.192828264795921,1.06785814240062,-0.0906285494103878,-0.220994887394335,1.05342511331657,-0.448998784921916,0.187086738360533,0.614251478456541,-0.13018279896885,-0.570174122202996,-0.247246806817341,-0.566611841637055,0.657596973667606,0.766899846348182,-0.872840102753137,-0.577805873896464,-0.42723849304493,-0.879265586158173,0.159534052198674,5750.18684210526,197.235685071575,walking
0.619296008378741,0.273006647253096,-0.228554885497257,0.264246858116443,-0.16185327683891,-0.264441666473721,0.351231973001701,0.0450841049021461,0.0987637078395002,0.662292740521221,0.0715926675109606,-0.104555513838597,0.92903290094363,-0.0370912477075856,-0.0932152961044342,1.08920857445141,-0.0116814887228084,-0.210767393481047,0.88941173005775,0.124554745185527,-0.291761610726844,0.598847276505219,0.510644964461815,-0.40115272349478,0.00913213448452857,-0.214959839790178,-0.726845523476838,0.251629955979423,0.136580135527735,0.342407274975029,0.797926947602937,-0.75647488007739,-0.536640149244525,-0.254554780405679,-0.791177803475003,-0.0455719888784794,5614.06578947368,197.235685071575,walking
0.583159423296339,-0.072154340836013,-0.062001867026242,-0.05975847132361,0.265105823006909,0.247059710494572,-0.0380170053816481,-0.0685033614653979,0.1877235462016,0.644376295918952,-0.00325908908664063,-0.0219412008709377,0.865376157641284,-0.111235655927861,0.00939327714976947,1.07940771170568,-0.0189769353330976,-0.192086216652509,0.936969792472871,-0.137647391857523,-0.136477016574892,0.786518849369257,0.217093836421495,-0.244972254393931,-0.146176336551172,0.112603854570985,-0.652219244563449,0.0427960492510913,0.389388579287086,0.359347306760196,0.759010842066192,-0.695492636426619,-0.505772604284891,-0.0776781104142184,-0.866711944763777,-0.166765828985344,4548.1552631579,197.235685071575,walking
0.659831009190233,-0.247661214477818,0.0100047595243681,-0.00580457684521608,-0.0112366564704413,-0.0167935878342271,0.441279329039718,-0.195262357523124,0.0615187196817203,0.581519476587526,0.157583478272134,-0.0780260992023818,0.916576404185185,-0.0347671064998759,-0.0930063937762334,1.08978718376779,0.0435704880826471,-0.271291067998759,0.97575894407136,-0.0827086883913842,-0.153104449518225,0.715597361207975,0.157984952567877,-0.0927209028064919,0.341972378122222,-0.681120471270193,-0.698759107126871,-0.244599795235114,-0.440559274227122,0.668090299061107,0.724746266391708,-0.776062687994869,-0.560095352586337,-0.183803376259203,-0.881226138620856,-0.0463750115475787,6759.6447368421,197.235685071575,walking
0.8690671874059,-0.432191643055282,-0.0553279738844226,0.150967302650577,-0.000738434273196042,-0.152766299771219,0.269339456022607,0.376733780760626,-0.309607912398446,0.710770487107945,-0.0270910681754217,-0.0967064313119124,0.921548067953704,-0.0289947213850938,-0.0908228243547482,1.10481110045405,-0.076730849990564,-0.167785346105971,0.977553369139849,0.0300756745589656,-0.19004067713852,-0.00268720180727744,-0.00529107896239157,-0.00792280390151828,-0.0484327596111569,-0.755182201841306,-0.801770369481219,0.174077655955698,0.138978281244729,0.656437097675231,0.877519181984708,-0.958432626674577,0.502913859790925,-0.811453399710032,0.191209253011675,-0.444824218467917,5279.8447368421,197.235685071575,walking
0.902744739272514,-0.0819193448794741,-0.201910619803631,0.44642301814074,-0.298953323903819,-0.124046780516978,0.549709554550086,0.123823186663454,-0.0859917204954511,0.744764474106854,0.0633571184540568,-0.182922569527843,0.957617064518519,-0.0339652567835802,-0.121373944317309,1.11447144937767,-0.089974965306601,-0.158384914004623,0.765586665598988,0.110742243711294,-0.214086561600027,0.548141709982185,-0.0696375375587085,0.174585869160619,0.0126114335125171,-0.87754750857664,-0.857213595313402,-0.147660398320486,-0.382453245523222,0.826377100581849,0.849810545068614,-0.779521273621634,-0.549711157313593,-0.356829055119554,-0.78070653230067,0.0807260837437033,7714.35,217.521680216802,walking
1.02828596059957,-0.166415334680092,-0.197647241757992,0.485363144505356,0.129259378695045,0.0409187000609124,0.141867813616985,0.21257697773567,0.107776904526075,0.621158793177018,0.075908522235634,-0.0294167621676114,0.901545307620922,-0.0280507430483136,-0.059424468417347,1.07143782011538,0.0244376914559148,-0.241698267251111,0.826637403191067,0.106479931137896,-0.188945158902529,0.769336612421247,-0.0525378827860346,0.00563626048560176,0.446844455036313,0.243733339110716,-0.634198141907374,0.166666666666667,-0.714145009113236,0.0632137926727027,0.714624632058964,-0.858049471652063,-0.538185224808071,-0.304043853766481,-0.844693728288745,0.0948996712471828,4386.36315789474,217.521680216802,walking
0.781765307357645,-0.0550565859355449,-0.326019123780079,0.338550464745614,0.0138600012052175,-0.33442716003924,-0.00142800390739782,-0.0019855572293707,-0.341529526750038,0.78550148868639,-0.00615530079838472,-0.0841415573106569,0.869343591061622,-0.0117850772683221,-0.0838343922174217,1.06259261918511,-0.0153191495991973,-0.188374191035776,0.86486625281042,0.126551181960939,-0.242002365039532,0.755596804346366,0.378759727252253,-0.394553345803779,0.46972797786245,0.193417402649244,-0.693580399147591,-0.322033898305085,-0.576947288016745,0.178267029762331,0.675111308880527,-0.871563782124826,-0.508883172278153,-0.294267745943,-0.87500198641182,0.0502039975390214,3743.55526315789,217.521680216802,walking
0.812966827977952,-0.129604570741242,-0.119236561852557,0.811673971934208,-0.0671587804778805,0.0629779074486687,0.345122107276794,0.29075284655728,-0.0193396307258,0.7565001179813,-0.0104967463938502,-0.125370731248599,0.898392008847834,-0.0411023848445529,-0.0743256608307821,1.04591238420407,0.0250311762764305,-0.205957267070733,1.07367665051891,-0.159232416705863,-0.164425950056248,1.12405348234409,-0.490682358378451,0.0635207946927557,0.209243487659344,-0.706824108066643,-0.782462247542528,-0.0603425233456962,-0.545882575086998,0.66769322434681,0.743823042967012,-0.804396200448984,-0.377280875455853,-0.253069378996216,-0.698395360133804,-0.15209495819855,3280.35789473684,217.521680216802,walking
1.10046850814558,-0.791517230625292,0.326409930739721,-0.626170778742633,-0.626715411198649,-0.128043437918663,0.665302782324059,-5.55111512312578e-17,-0.334697217675941,0.653097843163057,0.0876505915852837,-0.109315126293669,0.931245728060153,-0.0546830673374349,-0.0692916012290521,1.11461376293776,-0.0163799865385417,-0.228452279885082,0.989866797915299,-0.200991638473523,-0.0824224532774216,1.01410762889861,-0.159655632877475,-0.140392177976632,0.17538407320066,-0.134742013909074,-0.743212163878666,0.0546902817623229,-0.0185068425956506,-0.0729868598911691,0.791159645220393,-0.723500423420042,-0.478599895561046,-0.197029847506727,-0.722555823267094,-0.0378475916091395,4291.54210526316,217.521680216802,walking
0.643198563389065,-0.293381125405087,0.369136573176993,1.06141234821762,-0.400389410275704,0.163626998984234,0.771186440677966,-0.181818181818182,-0.046995377503852,0.666603885014282,0.047205743165095,-0.0645305019272203,0.940387456300767,-0.0155778087078889,-0.119133631039512,1.09986851877363,-0.037769074724301,-0.199832375324125,0.988783122218546,-0.0869585609524387,-0.124236979986953,0.500679627379222,0.342135939064446,-0.137903426713645,0.693545733547236,-0.212079021226471,-0.796035591756485,0.152339589644581,-0.764087701558641,0.276899277302136,0.726059717122985,-0.876568928782259,-0.494981356639617,-0.35605197465545,-0.805929953891823,0.089998374682472,4279.03157894737,217.521680216802,walking
1.2364317691239,-0.525834756333562,0.0596003003400723,0.731222236451955,-0.00311650265718028,0.031453183334172,0.45139911634757,-0.0359351988217967,0.137113402061856,0.672625660652907,-0.0143863649831319,-0.00242089428191626,0.9454953650114,-0.0312275015395036,-0.108639308116994,1.03150717850871,0.0481357599279728,-0.224857567366314,0.996687739439701,-0.0648102786951237,-0.130000220988291,0.707571585903084,0.0951541850220263,-0.104928414096916,0.822457286816939,-0.281103995606858,-0.803825156433862,-0.0881764277790477,-0.838310798256625,0.326839987450815,0.658486089323562,-0.86125218371894,-0.487690254240852,-0.275828258242266,-0.799129561972798,0.0373336666645465,3095.02368421053,211.591772151899,walking
1.26758908719503,-0.508805008420595,-0.0225133018834659,0.501915758219344,-0.247435680563458,0.0895109704065034,0.442608695652174,0.293913043478261,-0.157391304347826,0.783701206211412,-0.0538219167874724,-0.0742949516537848,0.952838409832665,-0.0311044482713871,-0.125534700693865,1.0296791719282,-0.00970471352905075,-0.183237242553206,0.918814491251664,0.138407267119931,-0.28605289893668,0.373864907435077,0.309579530619243,0.0172215507917202,0.489521538244774,-0.736284384827291,-0.854760760498692,-0.546941769428245,-0.855614570437025,0.78702967817576,0.662287551940468,-0.821209347248109,-0.451869602313654,-0.235228068090072,-0.810792545810549,-0.0365222134403138,4116.94736842105,211.591772151899,walking
0.813594609178674,0.125205661411638,-0.13532707073052,0.342629540602981,0.0693856259009753,0.207115521911392,0.741573033707865,-0.494505494505494,0.23607852821336,0.696981481346094,0.124728197240868,-0.180225470740071,0.923530133317405,-0.0142884041043553,-0.110468536356353,1.05891677458951,-0.0268485700216065,-0.176549315798453,0.992532194345822,-0.0391193433355807,-0.162833371691914,0.72079186499351,-0.302033751622674,0.220791864993509,0.827956989247312,-0.578728195419608,-0.84366911383226,-0.7184212081071,-0.888895365105885,0.827637295715014,0.803566046308003,-0.921285814031423,-0.374356920677754,-0.585373346229864,-0.671605699075367,0.0628462910669037,5612.21578947368,211.591772151899,walking
0.810908571075339,-0.152352127732094,-0.174958485633894,1.20141076500574,-0.0794368723789751,-0.248709420993901,0.934112746701607,-0.056103890815567,-0.0665061527183949,-0.00268720180727744,-0.00529107896239157,-0.00792280390151828,0.0474906449482721,0.0340496368038741,0.0215166189742461,1.06268184359678,-0.063394540825441,-0.20076697500578,0.686495639977238,0.0241239639281456,-0.0618417239889049,1.12617458564844,0.0502161933626833,-0.30170374776138,0.14795717635595,-0.111278603487311,-0.557116106320584,0.816647894162311,-0.285380620603341,-0.323711248227617,-0.046003018408176,-0.303869517090947,-0.304811816329864,-0.432015039403978,-0.761137796821422,0.598193772463218,10481.0736842105,211.591772151899,walking
0.901011092290192,-0.0409803440132656,-0.157968559729861,0.72249417617908,0.104174856229024,-0.124444599331124,-0.00268720180727742,-0.00529107896239154,-0.00792280390151826,0.726691882555459,-0.0310683732292828,-0.0553626723900359,0.951284482346462,-0.0379326860918467,-0.107975223233116,1.14353666578102,-0.0236555111152165,-0.248765891908185,1.01030029707531,0.00206699920854189,-0.230820724180752,0.942688973327304,0.0352966055678484,-0.258417110131721,0.638565693705832,-0.329128573407852,-0.779002214287547,-0.473684210526316,-0.719469799771774,0.719469799771774,0.812126255329764,-0.926899479564085,-0.488342608551365,-0.60599842564952,-0.721625316233481,0.146477722163394,6004.08157894737,211.591772151899,walking
0.639114724480578,-0.0203252032520325,-0.175700090334237,0.542712604660577,-0.251737266700391,-0.166025259417093,0.469345162905197,-0.257099581374812,-0.106342910489299,0.692538533402214,0.099356675585016,-0.181480998719373,0.946116242862437,-0.0145311727990832,-0.120351892932679,1.02078402099143,0.00515413922912297,-0.17988959052021,1.01322176708445,-0.181022297698618,-0.0512232763422278,0.478884944618259,0.00492659662542711,0.0392297722044655,-0.170996392014192,0.0596762395032861,-0.776052865310951,-0.771454276289177,-0.0994190835745415,0.110848198356456,0.771262016427805,-0.835465695146366,-0.39640645921755,-0.347471588176541,-0.654588563744281,-0.0459260566484268,3491.60263157895,211.591772151899,walking
0.964080393608033,-0.355432839140146,0.112283431770315,0,0.25,0,0.156929719437288,-0.255707085680403,-0.138844928450036,0.730741401768517,0.0509026585890675,-0.0786554865969451,0.920347495743141,0.00334274143075408,-0.118569302847607,1.06508638023281,-0.0464839173985095,-0.15875400167708,0.963928325270221,-0.035942884981053,-0.143245877581118,0.484771657866818,-0.0258671032931237,0.115928170088635,0.302737005503157,-0.247667929652709,-0.809995275079829,-0.191741247211843,-0.332415328901828,0.309340448415648,0.739733241764314,-0.938592753416371,-0.376989914581514,-0.501884336904928,-0.680861879016493,0.125082899802082,3800.99736842105,204.010284810127,walking
0.487640444952019,-0.0583301727663139,-0.0672012255390314,0.844827586206896,-0.27027027027027,0.115097856477167,0.304281582159032,-0.151531160084427,-0.0217657766752116,0.722247448455871,-0.0181794999364949,-0.0360967214617713,0.962983662348533,-0.0965660036718986,-0.069768472467818,1.08604541052666,-0.0393143856057458,-0.189793472329409,0.925679963893395,0.0528415324133296,-0.227381957154027,0.505618637113388,0.17970158483602,0.0220505619960165,0.3295419041611,-0.273993175060418,-0.517315865837237,0.168709804405277,-0.709261101696791,0.0792307221226836,0.730090852517163,-0.853174974001901,-0.49860705424979,-0.328355201885277,-0.827591550479294,0.051869610244545,4304.04210526316,204.010284810127,walking
0.668962868107462,0.0266351091136795,-0.118055387470631,0.347248278430559,-0.294302306270447,-0.0194394986435387,0,0,0,0.70682061844308,-0.106344317062994,0.0155302814247747,0.818602581070034,-0.0201551707315754,-0.042326021645691,1.13445868319025,-0.0500185725361777,-0.214359008217245,0.869352242602873,-0.0926687203538012,-0.140054809651786,0.85047076974418,-0.0335605955725677,-0.0677765679158326,0.0485024671308388,0.25078493128776,-0.787536581475389,-0.276289481997769,-0.0073261728323493,-0.22728251064921,0.791906982447937,-0.598685875825767,-0.441390053545896,-0.037344825636827,-0.755825406258838,-0.338114515420317,4762.31842105263,204.010284810127,walking
0.855140186915888,-0.0606060606060604,-0.0842537524780516,-0.10143965510646,0.0183856945342253,-0.0300110836778889,0.25,0,-0.25,0.621051093435311,0.0493962407050053,-0.0677219679413699,0.950732093598975,-0.0626847896252512,-0.0971308746972386,1.0480746517013,-0.0208400135625778,-0.179218250989968,0.937340385651537,-0.000486319305148031,-0.190998657932029,0.269207233089459,0.0135944273480387,0.287444315156328,0.335968420452646,-0.0845154254728517,-0.797823995400187,-0.372677996249965,-0.608928668153252,0.240927584715763,0.772060433934784,-0.822417496420105,-0.355560993106895,-0.311605383201418,-0.653701494668963,-0.101731774625122,3246.75,204.010284810127,walking
0.708456678954394,-0.113039279809229,-0.0629065676875036,0.315001190931381,-0.210602854319405,0.0685133237538585,0.321562708127705,-0.286553877507716,0.409645609682109,0.673615388548004,0.0199234829562739,-0.181724567904187,0.927904031148626,-0.0291141733827034,-0.0956280172601596,1.10227031158744,0.0414403708942589,-0.280622582597231,0.924138444075438,0.0457842525093851,-0.18399087699502,0.741573033707865,-0.494505494505495,0.23607852821336,-0.282721879046005,0.562424424414151,-0.782774970217462,-0.0867593308452136,0.277781346865871,-0.425649486728947,0.831480559714238,-0.890313871596863,-0.304267772206287,-0.626235377486229,-0.458996253147831,0.0356881287124486,5988.54736842105,204.010284810127,walking
0.760624144741126,-0.0762958777498238,-0.0778249667289863,0.366435069591674,0.0719766284844822,-0.146639772608506,0.677215189873418,-0.495049504950495,0.172264694823913,0.738043292590513,0.0675362845933539,-0.211659923438567,0.928755803914696,-0.0857878922435617,-0.0616311888461613,1.11290132225733,-0.0828636870165933,-0.166807381459637,1.00077060966328,-0.0749764651971553,-0.125202838474589,0.741573033707865,-0.494505494505495,0.23607852821336,-0.25211672858837,0.0663358126806659,-0.849288362731189,-0.0873704056661038,-0.111688435948414,-0.080012082780095,0.792810827417873,-0.920108768876311,-0.289214527853384,-0.653909868096211,-0.498878655286465,0.0874179310412964,5407.05,204.010284810127,walking
0.156874881103364,0.471945757941537,-0.00993826707733562,0.303657796902572,0.502815460806246,-0.137292587444039,0.276688070365993,-0.225936811168259,0.073789519641355,0.74360337737735,-0.0928728524067636,0.0355930728102591,0.963755583859636,-0.0411257310845354,-0.105471965000224,1.04520945832714,0.0402712621405339,-0.231790328161348,1.02779843050909,-0.15433335940854,-0.0755166644378068,0.881614686939091,-0.1547060608287,-0.0168433800033681,0.623755307072573,0.107371355711507,-0.644257319192222,0.0443460070158493,-0.760907092008387,0.0269877292935543,0.71912327965765,-0.826005764572314,-0.524706902240908,-0.292176720363332,-0.772559598000326,0.030460445836509,3692.33684210526,206.728949478749,walking
0.937741026270642,-0.384589998696206,-0.0580590577276777,0.384791682880562,-0.315224862719051,0.126549924638804,0.258304334071496,-0.0354740061162079,0.0169250237266688,0.643349634475473,0.0720063670395921,-0.0488098562264866,1.00540792302271,-0.0911984258630029,-0.097157093187154,1.02269952143857,0.0916851318916294,-0.273038079295807,1.07181873096125,-0.0203940580810446,-0.261428054906653,0.658355543746748,0.248777786782185,-0.136943925548171,0.176576327638064,-0.233723197152962,-0.701738832780199,-0.311085508419128,-0.679822427744105,0.386471976415861,0.637089480637268,-0.87925070182605,-0.576407932554653,-0.282409766302361,-0.906443168012192,0.160603898637396,4410.27368421053,206.728949478749,walking
0.806744068533556,-0.138453764527539,-0.286279187280398,0.6144133408059,0.236752003735118,-0.132777670430054,0.161764705882353,0.0294117647058824,-0.338235294117647,0.707308955229994,-0.0160844067747095,0.00623624962808729,0.822434623823609,-0.037752073039343,-0.0220996829540554,1.09010300692543,-0.0250399573166547,-0.210137220390219,0.975013848797472,-0.0975036983048133,-0.116690380928969,-0.00268720180727744,-0.00529107896239157,-0.00792280390151828,0.65734219812218,-0.54997194092287,-0.716260554602679,-0.298807152333598,-0.942507982172776,0.346196525871184,0.615554021871667,-0.968188001425983,-0.161302418760808,-0.477270936893377,-0.377109034996404,0.0938154392233741,4008.65526315789,206.728949478749,walking
0.626723109528213,0.0363361851785441,-0.148235355960384,0.836324988190836,0.113647894469813,-0.370571563533302,0.268308587479936,-0.0305593283121373,0.29509430176565,0.722099215844359,-0.0468625420428557,-0.0873923095793703,0.887967039086574,0.00416609626411843,-0.111686509185411,1.08145396365482,-0.0300056160646471,-0.191177498923944,0.979564420942386,0.0265666719196379,-0.232314300755646,0.746928364774214,0.096277774913646,-0.228858560165253,-0.838960684238378,-0.614254088446511,-0.857603356470206,0.75955452531275,0.921537388195161,0.896287546488967,0.860525032915094,-0.953867801806116,-0.363127321909254,-0.742177575357573,-0.616243947385998,0.179033200727542,6891.80263157895,206.728949478749,walking
0.285160593903735,0.146635782866963,-0.289307491202648,0.121965239092219,-0.224619675869454,-0.0664804280329532,0,-0.25,0,0.756073726971914,-0.141075527461895,-0.040819628986838,0.79934479184471,0.0686074274467859,-0.0997776970122449,1.07490754098362,-0.10468764949306,-0.115809769337395,0.948372494560741,-0.0419216346005881,-0.186827180269053,1.34154706025216,-0.8477789815818,0.234250922913105,-0.0184005799954223,-0.137620470640795,-0.592104313981483,-0.167131567616219,-0.16201361897085,-0.10623317546007,0.829523661927481,-0.828396610860492,-0.342280612128552,-0.441320577263555,-0.636743558564799,-0.130129431858803,3905.53684210526,206.728949478749,walking
0.285168270071334,0.0788516679488075,0.183605770071334,0.409044509790692,-0.256160754357112,0.148551505127135,0.267980976478306,0.236934995158217,-0.03757457907725,0.815900510339653,-0.0763989196321976,-0.110150708044639,0.924440864768641,-0.0976076879672842,-0.0451976142553352,1.08536742347617,-0.00890278887193346,-0.214019008615507,0.988333464583273,-0.0993018068603739,-0.16674872166845,0.991487870304226,-0.126325054237471,-0.0637607484803041,-0.232741122197846,0.486512772567328,-0.76541629159284,-0.129562999129401,0.393880137972168,-0.269588795526618,0.826088400171033,-0.721985133612047,-0.533140482710435,-0.274001771833062,-0.832518417232167,-0.134634856762274,5356.92368421053,206.728949478749,walking
1.00185771579076,-0.455545999823728,0.128882167997812,0.683941221555472,-0.110372768354245,0.173779679085435,0.479086845233777,0.121073822305678,-0.243743205823845,0.610941301269956,0.0333006084628461,-0.0151343045267597,0.895823591276653,0.0154700918925214,-0.102677138757782,1.18699823333785,-0.128430209003491,-0.188510984570779,0.917102570973417,0.12704242669128,-0.220797759376933,0.741573033707865,-0.494505494505495,0.23607852821336,0.775533018810941,-0.563312268064365,-0.735800516349352,-0.648041771959307,-0.797812556862642,0.736646556019774,0.846615786735462,-0.985732897243921,-0.296805106589327,-0.865507114829585,-0.459204835197456,0.265784526451979,7875.3,202.423327895595,walking
0.514935377990873,0.0782290012670612,-0.331002997359267,0.543031470777135,0.0686416184971101,0.0985870263326911,0.314175960997238,-0.206334572332675,-0.0467912238041432,0.736580450741062,0.0143638001617634,-0.164999163131103,0.823205509162626,0.0384813699575412,-0.10416968977443,1.07447426285836,-0.0450564618597012,-0.167705798918919,0.963027475644259,-0.0657091013493185,-0.18300671455067,0.839218363767881,-0.208096694397739,0.0504131651266167,0.154078908606984,0.392589820277939,-0.562590124868342,-0.514495755427526,-0.578325863004704,0.366086654752103,0.809759822802047,-0.803734131344621,-0.389913289307427,-0.348747672324099,-0.700875386370559,-0.0813206179847725,5574.27894736842,202.423327895595,walking
0.659152445537422,-0.0435203815485505,-0.143316690265047,0.696854883802905,0.101090295742798,-0.0994593741990358,0.226148419543508,0.147781123240212,0.239364278574345,0.674812722657318,-0.00107204917950815,-0.0943539440093485,0.892212406205433,0.00299859612721781,-0.114887165727011,1.10772110841834,-0.0215262121432389,-0.226853426540333,1.0510055763688,-0.165466853317139,-0.146772034151966,0.714129487033282,-0.256443401693825,0.204584080430602,0.264865231205487,-0.0303030303030303,-0.85519121963837,-0.618018872812802,-0.285515176704243,0.155565757751326,0.877483796825013,-0.84631103709541,-0.412778216765457,-0.547852871786035,-0.618370144222102,-0.00100627813135042,7933.41052631579,202.423327895595,walking
0.993248111505984,-0.352477891650211,0.0820931263134868,0.229509155612263,0.0809660830170198,-0.0380067679546162,0.354280829182338,-0.347825854886189,0.388763587803028,0.571065716005396,0.134214730272328,-0.126962287537497,0.905376783695862,-0.00106734945189271,-0.0940632777815254,1.0769977514988,-0.0219249706458898,-0.197917583524618,0.955095101820831,-0.00457766116547353,-0.186777428702787,-0.00268720180727744,-0.00529107896239157,-0.00792280390151828,0.181344355971431,0.462939191801464,-0.74972422899259,-0.140028008402801,-0.674591199980966,-0.200425133050986,0.845230655683756,-0.845378818655955,0.493797180573304,-0.514169743676982,0.130850440835194,-0.487124455737181,3958.83157894737,202.423327895595,walking
0.901371814152036,-0.194771531456635,-0.0578035277544757,0.755763546022733,-0.201403521498424,0.199334573535366,0.55271667606693,0.128595600676819,-0.0769129535626997,0.721624807782652,-0.0234838059948186,-0.0960357426760633,0.878030962757212,-0.0718431780094062,-0.0339397930379738,1.08964216412979,-0.102319228829806,-0.124218428591827,0.891570485232675,-0.0413490989935148,-0.120136649094984,0.916597812345975,-0.324830844313705,0.11504243556936,0.5641284458933,-0.271709751643364,-0.896854406292881,0.17726348164916,-0.486460402673627,0.52750437871663,0.740207735162548,-0.786610976892,-0.422359934235604,-0.287053908110313,-0.722369990086062,-0.109907926663315,5594.97105263158,202.423327895595,walking
0.889497288312379,-0.29746194908023,-0.0510673476460162,0.122731367619929,0.214526504134733,0.0279037814130323,0.697243237047226,-0.365887207702889,0.155576570380559,0.766552301173441,0.0662594597026841,-0.157916828126791,0.940547322888213,-0.0389334626059724,-0.084475970174046,1.04305861908021,-0.0316615909681613,-0.169078957563694,0.926943007172797,0.0873997636621663,-0.237532517302727,0.741573033707865,-0.494505494505495,0.23607852821336,0.264292112521862,-0.365758477979727,-0.822987603065339,-0.158810204201071,-0.37046871811008,0.602611619635648,0.645583756201243,-0.932213838408857,-0.352526081515025,-0.383746173173154,-0.546270715531306,0.142252624308422,6255.38684210526,202.423327895595,walking
0.59540502173717,0.00345070607879911,0.00951545118502253,0.549566256899436,0.10544988857249,0.0146825359692034,0.0385852090032154,0.588424437299035,0.0385852090032154,0.772870603737713,0.0289578173967285,-0.0900637591966494,0.884450506495824,0.0575247172216414,-0.129082690094759,0.847557260725538,0.140786511409017,-0.204693186882198,0.936645894776719,-0.00758451741174501,-0.126334857891873,0.739940387481371,-1.94289029309402e-16,-0.260059612518629,0.380298193222541,-0.487713110004132,-0.515579409611544,-0.303239217431561,-0.698314762424785,0.547288459907742,0.321609773244228,-0.848923121997955,-0.393122076741751,0.09028975316666,-0.658792244278928,0.0193465473397933,3068.23684210526,195.786476868327,walking
0.807866208338611,-0.220073782702173,0.0134670591007524,0.307319223985891,0.385802469135803,-0.0974426807760141,0.492552927618745,0.0889308335904463,-0.15283714330324,0.656033925931158,0.125153495963377,-0.112713024131197,0.905428903894318,-0.00421544268472941,-0.100115296027172,1.05845628755292,-0.0360330324407074,-0.161136119226181,1.16419636722909,-0.272016191483462,-0.105343220127346,0.81260945709282,-0.140562248995985,-0.0468282939111958,0.635091559369841,-0.571592292658416,-0.755910152801899,-0.745601135079326,-0.840168050416806,0.787053393598964,0.815095953772327,-0.82362028768693,-0.395856341879855,-0.442134684985356,-0.666583656738906,-0.0745913813093807,3704.10789473684,195.786476868327,walking
0.858559287737758,-0.0667556742323098,-0.0746850380299323,0.825738916256158,-0.338785046728973,0.16452396298513,0.759259259259259,-1.38777878078145e-16,-0.240740740740741,0.550087396491822,0.294517406961329,-0.15627115517141,0.966378510407876,-0.0370608528996183,-0.117237718337214,0.966875469255407,0.0754504876708565,-0.213459052779935,1.02617281460352,0.0405825892114281,-0.233010223290194,0.501915758219343,-0.247435680563458,0.0895109704065033,0.615737312812128,0.275838642183685,-0.811349559243587,0.404111929560244,-0.720723840184366,-0.166666666666667,0.603606277330748,-0.962868038098593,-0.272919918844294,-0.524354377867529,-0.566912462507812,0.108954554362869,4252.88947368421,195.786476868327,walking
0.811385318753476,-0.187212542917674,-0.078744694064689,0.637015964269639,0.176080857588601,-0.103045197809871,-0.000853210432993815,-0.0016977953120706,-0.00254525781032038,0.711344288088505,-0.0512550575393185,-0.0766544347059017,0.841368923509107,-0.0310817787252403,-0.0378665900826085,1.10516989273983,-0.0915100633416402,-0.147975646140287,0.897703884053727,-0.0495907006060785,-0.147822535182428,0.6053159417556,0.438877022741024,-0.273045133788574,0.498154577075527,-0.191244573949486,-0.835598943041301,0.0861960874867675,-0.441078558876848,0.424020202468574,0.812496536165385,-0.776472937150392,-0.517647493623134,-0.287012674212216,-0.847558572847679,-0.0808043644033547,3695.32105263158,195.786476868327,walking
0.962598852544277,-0.187953340205994,-0.174462550964495,0.766022486315144,-0.109506250332917,0.0807924621020684,0.822033898305085,0,-0.177966101694915,0.787071473444382,-0.0617269315739444,-0.0671605848627944,0.957628750198512,-0.0536948155304683,-0.096683697501777,1.0263734590187,0.017035309611661,-0.192849284851931,1.05727129165748,-0.0216148644258333,-0.233702309679665,0.973311196657416,-0.262255831873789,0.0169793189281565,-0.303097051827202,-0.943242218283799,-0.923586871980245,0.378716641858682,0.253385708127466,0.932086838289366,0.717048530501422,-0.921312101548746,-0.474563203644299,-0.499086817583364,-0.777320675352982,0.150507010547019,4739.58947368421,195.786476868327,walking
0.496018255512198,0.146672347390312,-0.10557536998581,0.274026492241796,0.161072064712612,-0.302168277821324,0.273675200823536,0.345202500679533,-0.088026926836039,0.697740314509504,0.118947076410936,-0.233851725291491,0.793689588231113,0.0188026346362347,-0.0622915509358673,1.11791917528531,-0.162139017033665,-0.0952066761065851,0.894911804394769,-0.105298148242713,-0.0998654128115994,1.02360949519145,-0.000117398854899947,-0.189383050069463,-0.251828311617265,0.520416499866533,-0.831998678061782,-0.349481622664415,0.539566003497632,-0.460202092726126,0.86529163666183,-0.700958021697969,-0.584148527160702,-0.289595809364341,-0.871313855306139,-0.157197531548328,4581.94736842105,195.786476868327,walking
0.635955056179775,-0.0955056179775281,-0.164044943820225,-0.0374667326802825,-0.0382537077876606,-0.0391033938914118,-0.0627841938298269,-0.0651089835599817,-0.0677593182079363,0.726453913542324,-0.0136174647168996,-0.0920865203827247,0.740598820280531,0.132223068890507,-0.139297704043194,1.04151680388127,-0.0969339237006118,-0.0997240855861455,0.842048613699007,0.0117412793480651,-0.189221012453771,0.795025053578888,-0.137236802115797,0.10965290049131,0.548924646395079,0,-0.817946312277235,0.0298673845544749,-0.534579778688357,0.111262616891663,0.915805979174367,-0.686668841855249,-0.552323302287107,-0.407292980818918,-0.758231037575323,-0.173159968537486,5568.43947368421,193.201550387597,walking
0.526869482582427,0.0173467680022526,-0.0198338141208699,0.270426054516981,-0.462524644014284,-0.0229358298513272,0.425860771598817,0.12202630068,-0.0644304905371053,0.742725054025306,0.0457153196374946,-0.134489728862971,0.910393371038005,-0.0771061353266371,-0.0517029537817299,1.11329999091905,-0.0572631965157394,-0.191613594729605,0.915366034794998,-0.151732737770601,-0.126979801811444,0.891358205473544,-0.11681253808113,-0.0424854038960483,-0.323686920372574,0.468045870743109,-0.574272553020754,0.0186630836985285,-0.191537887671048,-0.171319746688075,0.721488787528411,-0.62637471188698,-0.460496576266164,0.0703662569633608,-0.823350565270131,-0.262301377273382,5183.62105263158,193.201550387597,walking
0.816565695276255,-0.280942368154481,-0.0900200123370101,0.295617164954825,0.0385024145582011,0.104745795660219,0.29041248606466,-0.336231884057971,-0.145484949832776,0.704453273345616,0.0171351924793147,-0.109818260789158,0.912074101445145,-0.00952849180341599,-0.0908854437377249,1.07844616257857,-0.0511702139972591,-0.16902177883321,0.944640827066147,0.0540223365756831,-0.219478355668037,0.954443981753156,-0.211359419158635,-0.0480809519673323,0.242309484544236,-0.322873201500379,-0.695618035659601,0.107211253483779,-0.532674087730862,0.0908684642883452,0.82306594358854,-0.964563454800746,-0.462248059037693,-0.691447905179081,-0.7526911998535,0.304836614941066,7121.41052631579,193.201550387597,walking
0.424466977709357,-0.122193281463304,-0.138096603165516,0.554177846054193,-0.145907194016303,-0.00844640841896757,0.658426435940206,-0.40812976096664,0.0137563851787851,0.663204289232998,0.0830685171369465,-0.118429122590029,0.956120552332817,-0.106985231936492,-0.0634489347304543,1.09894417896885,-0.0447722970588944,-0.190682800884297,0.980529433841605,0.0312073665952644,-0.256316266850367,0.85992985532661,0.18552875695733,-0.325598901630718,-0.273454632699415,0.15632276846948,-0.526983197230649,-0.458831467741123,-0.0140297239951502,-0.331979666546263,0.733826920328866,-0.863393235648211,-0.456878574442015,-0.379813155870284,-0.781199466085828,0.00861477011562852,5261.72631578947,193.201550387597,walking
0.723268188185925,0.0611324701758347,-0.155958864954172,0.230393799336467,-0.0617782703514354,-0.0564279060898899,0.806569343065693,-0.239234449760765,0.0458037928264585,0.789643855065523,-0.108371987371291,-0.0790936996935374,1.07157431322123,-0.081987260406471,-0.147167775472266,0.990444527410799,0.0518909127840059,-0.205729106611529,0.886306209590212,0.0274596399557405,-0.124645683961476,0.741573033707865,-0.494505494505495,0.23607852821336,0.581675050747111,-0.432644962800923,-0.872728453743813,-0.0505980617265764,-0.705688343135784,0.219756468966047,0.705757864681344,-0.908608398866031,-0.334123045380754,-0.372147055437923,-0.571459902265676,0.0749032150132966,4032.51842105263,193.201550387597,walking
0.53739205688996,-0.121984687918815,-0.252167932178092,0.098937059841339,0.0121292488422479,-0.225462716819744,0.200515196865562,-0.00717168600380279,-0.220064223713859,0.792275563942657,-0.0322611701805793,-0.1688643324304,0.866088746305188,-0.0232316879802817,-0.0639482025240707,1.1093089882841,-0.0683551376890943,-0.180931438942626,0.935790512144083,-0.0792779618267718,-0.144612595939828,0.901976184425081,-0.315898608115868,0.155770009647477,-0.376407496287741,0.433085397061442,-0.806567189254623,-0.608472431460652,0.347627142872577,-0.52372463563712,0.824371641001904,-0.8063889156415,-0.448598007024587,-0.373758689288273,-0.753864987527159,-0.0871844372737718,5052.40263157895,193.201550387597,walking
